1;1;1;"Que tipo de expectativa de conte&uacute;do voc&ecirc; criou a partir da ilustra&ccedil;&atilde;o?";"A ilustra&ccedil;&atilde;o &eacute; uma foto tirada de um sat&eacute;lite. Esse tipo de dado tende a ser utilizado em estudos ambientais. Observe que o t&iacute;tulo e a primeira ora&ccedil;&atilde;o do texto indicam que o foco central desse estudo s&atilde;o as plantas."
1;1;2;"Que projeto est&aacute; usando a imagem de sat&eacute;lite apresentada e qual &eacute; o objetivo principal do projeto?";"O projeto em quest&atilde;o &eacute; o SeaWiFS, da NASA, e seu objetivo &eacute; medir a popula&ccedil;&atilde;o de plantas marinhas microsc&oacute;picas."
1;1;3;"Que outro dado adicional o sat&eacute;lite est&aacute; enviando?";"O sat&eacute;lite est&aacute; enviando dados sobre as plantas terrestres."
1;1;4;"O que os dados do SeaWiFS permitem monitorar?";"Os dados do SeaWiFS permitem monitorar o aumento da produ&ccedil;&atilde;o de algas marinhas t&oacute;xicas."
1;1;5;"Qual a rela&ccedil;&atilde;o que o texto indica entre os dados obtidos pelo projeto e a previs&atilde;o do El Ni&ntilde;o?";"O aumento da popula&ccedil;&atilde;o de phytoplankton indica que h&aacute; um aquecimento da &aacute;gua do mar. Isso permite prever mudan&ccedil;as clim&aacute;ticas, como as causadas pelo efeito El Ni&ntilde;o."
1;1;6;"Considerando o &uacute;ltimo par&aacute;grafo do texto, indique o que o autor est&aacute; apresentando como:<br />a) fatos<br />b) possibilidades";"a) o aquecimento da &aacute;gua do Pac&iacute;fico ocorre em intervalos de poucos anos; a popula&ccedil;&atilde;o de phytoplankton aumenta com o aquecimento do oceano; b) os dados do sat&eacute;lite ajudar&atilde;o a prever mudan&ccedil;as clim&aacute;ticas; os dados do sat&eacute;lite permitir&atilde;o monitorar o aumento das algas t&oacute;xicas."
1;2;1;"As hip&oacute;teses sobre o conte&uacute;do que voc&ecirc; levantou antes de ler o texto foram confirmadas? Se n&atilde;o foram, tente refletir em qu&ecirc; e por qu&ecirc; as informa&ccedil;&otilde;es veiculadas pelo texto diferiram das suas expectativas iniciais.";"Se suas hip&oacute;teses foram diferentes, uma das op&ccedil;&otilde;es abaixo pode ter ocorrido: a) o texto apresenta informa&ccedil;&otilde;es novas sobre o tema (Freud) b) o texto traz informa&ccedil;&otilde;es que v&atilde;o contra o que voc&ecirc; sabe sobe o tema. c) voc&ecirc; tinha expectativas diferentes sobre o tipo de informa&ccedil;&atilde;o veiculada em uma biografia (g&ecirc;nero do texto)"
1;2;2;"Por que Freud teve dificuldade em optar por uma profiss&atilde;o e o que o levou a escolher a medicina?";"Seu interesse por &aacute;reas acad&ecirc;micas era muito amplo  (teorias evolutivas, hist&oacute;ria da cultura e filosofia, qu&iacute;mica, fisiologia e anatomia). O que o levou a optar pela medicina foi seu interesse por fisiologia e anatomia."
1;2;3;"Segundo o texto<br />a) quais as etapas que levaram ao desenvolvimento da psican&aacute;lise?<br />b) por que ela n&atilde;o foi inicialmente bem recebida?";"a) Inicialmente Freud recorreu &agrave; t&eacute;cnica de hipnose para ter acesso &agrave;s lembran&ccedil;as dos pacientes hist&eacute;ricos, proposta por Joseph Breuer.  Posteriormente desenvolveu a t&eacute;cnica de associa&ccedil;&atilde;o livre, que lhe permitiu estudar tanto o fen&ocirc;meno da resist&ecirc;ncia quanto o da transfer&ecirc;ncia. b) Porque houve uma grande rea&ccedil;&atilde;o &agrave;s suas descobertas sobre sexualidade infantil."
1;2;4;"Por que o casamento de Freud com Martha Bernay foi um empecilho para que ele se tornasse um pesquisador desde o in&iacute;cio de sua carreira?";"Antes de mencionar o casamento com Martha Bernay, a senten&ccedil;a informa que Freud n&atilde;o se tornou um pesquisador por problemas financeiros. Pode-se, portanto, deduzir que h&aacute; uma rela&ccedil;&atilde;o entre o casamento e a quest&atilde;o financeira, como, por exemplo, um aumento em seus gastos cotidianos."
1;2;5;"Este texto &eacute; um relato apresentado em tempo passado. Por que no in&iacute;cio do &uacute;ltimo par&aacute;grafo o autor recorre ao tempo presente?";"Porque nessa senten&ccedil;a inicial o autor fala como a teoria de Freud &eacute; vista nos dias de hoje."
1;2;6;"No final do segundo par&aacute;grafo o texto fala de uma substitui&ccedil;&atilde;o. Que substitui&ccedil;&atilde;o &eacute; essa?";"Tal substitui&ccedil;&atilde;o se refere ao fato, apontado no segundo par&aacute;grafo do texto, de que Freud substitui a hipnose pela associa&ccedil;&atilde;o livre."
1;3;1;"As hip&oacute;teses sobre conte&uacute;do que voc&ecirc; levantou foram confirmadas? Reflita sobre o tipo de pistas que voc&ecirc; utilizou para formular essas hip&oacute;teses na pr&eacute;-leitura.";"Se suas hip&oacute;teses n&atilde;o  foram confirmadas, uma das op&ccedil;&otilde;es abaixo podem ter ocorrido: a-) o texto traz informa&ccedil;&otilde;es novas ou contr&aacute;rias &agrave;s que voc&ecirc; j&aacute; conhecia sobre o tema; b-) voc&ecirc; n&atilde;o considerou as pistas que a ilustra&ccedil;&atilde;o e o t&iacute;tulo lhe forneciam para levantar hip&oacute;teses, tais como a figura t&iacute;pica do Egito antigo, a men&ccedil;&atilde;o que o t&iacute;tulo faz a Nefertari e 'tomb restored', express&atilde;o bastante transparente (semelhante ao portugu&ecirc;s). Note que, 'tomb' e 'Nefertari' s&atilde;o palavras centrais para infer&ecirc;ncia a partir do t&iacute;tulo. Caso voc&ecirc; n&atilde;o tenha conseguido saber o sentido dessas palavras, o primeiro par&aacute;grafo do texto oferece pistas mais precisas para a defini&ccedil;&atilde;o do tema."
1;3;2;"Por que o t&uacute;mulo de Nefertari n&atilde;o foi aberto para visita&ccedil;&atilde;o ap&oacute;s a restaura&ccedil;&atilde;o?";"Porque os estudiosos querem investigar se a presen&ccedil;a de visitantes prejudica as pinturas restauradas."
1;3;3;"Quais os dados apresentados pelo autor para fundamentar a poss&iacute;vel gravidade do problema central apontado no texto?";"No segundo par&aacute;grafo, o texto coloca que o t&uacute;mulo em quest&atilde;o pode abrigar at&eacute; 20 visitantes e a presen&ccedil;a de apenas 6 pessoas por uma hora pode aumentar a umidade em 30 a 40%. No terceiro par&aacute;grafo, os dados obtidos pela esta&ccedil;&atilde;o de monitoramento indicam que a presen&ccedil;a de visitantes afeta o n&iacute;vel de umidade."
1;3;4;"Quais as possibilidades de solu&ccedil;&atilde;o para evitar que a visita&ccedil;&atilde;o ao t&uacute;mulo deteriore as pinturas?";"O texto sugere duas solu&ccedil;&otilde;es pr&aacute;ticas: a-) apresenta&ccedil;&atilde;o do t&uacute;mulo via circuito fechado de televis&atilde;o; b-) constru&ccedil;&atilde;o de uma r&eacute;plica para visita&ccedil;&atilde;o."
1;3;5;"Leia o texto novamente e traduza os verbos abaixo:<br />have been restored<br />was buried<br />was discovered<br />has been installed<br />was done";"Have been restored &#8212; foram restauradas<br />was buried &#8212; foi enterrada<br />was discovered &#8212; foi descoberto<br />has been installed &#8212; foi instalada<br />was done &#8212; foi feito"
1;3;6;"Voc&ecirc; encontra abaixo duas formas verbais distintas. A tradu&ccedil;&atilde;o de ambas para o portugu&ecirc;s &eacute; feita, na maioria das vezes, no pret&eacute;rio perfeito do indicativo. Por que voc&ecirc; acha que h&aacute; dois tempos verbais diferentes para expressar o pret&eacute;rito perfeito do indicativo do portugu&ecirc;s? <br/><br/><div id="table_m1a3q6">	<div class="line"><div class="left">Present Perfect</div><div class="right"><div class="sub_line">have been restored - foi restaurado </div><div class="sub_line"> has been installed - foi instalada</div>	</div></div><div class="line"><div class="left">Simple Past</div><div class="right"><div class="sub_line">was buried - foi enterrada</div><div class="sub_line">was discovered - foi descoberto	</div></div></div></div>";"Porque em ingl&ecirc;s, quando uma a&ccedil;&atilde;o passada &eacute; relevante para o presente, usa-se o present perfect para express&aacute;-la. Quando um a&ccedil;&atilde;o ocorre em um tempo passado definido, ela &eacute; expressa atrav&eacute;s do passado simples."
1;4;1;"O texto seguiu na dire&ccedil;&atilde;o de algumas das hip&oacute;teses iniciais que voc&ecirc; levantou sobre o tema?";"A pergunta do t&iacute;tulo pode induzir o leitor a pensar dois poss&iacute;veis  focos de discuss&atilde;o: a) sobre que tipo de pessoa precisa de mais software (who needs?); b) um questionamento do autor a respeito da real necessidade de novos softwares. O texto segue a segunda orienta&ccedil;&atilde;o, que est&aacute; determinada no par&aacute;grafo inicial."
1;4;2;"No segundo par&aacute;grafo, ap&oacute;s afirmar que n&atilde;o sente a necessidade de novos programas, o autor faz duas afirma&ccedil;&otilde;es que visam a defender sua imagem frente ao leitor. Primeiro ele nega ser um troglodita e depois afirma que desliza na terceira onda. O que ele quer dizer com essas afirma&ccedil;&otilde;es?";"Ele quer dizer que n&atilde;o &eacute; uma pessoa desinformada.  Ou seja, ele n&atilde;o &eacute; um troglodita e ele j&aacute; est&aacute; na era da informa&ccedil;&atilde;o.  Aqui h&aacute; uma alus&atilde;o direta &agrave;s tr&ecirc;s ondas. <br/>1- First Wave - Era da Agricultura;<br/>2- Second Wave - Revolu&ccedil;&atilde;o Industrial;<br/>3- Third Wave - Economia p&oacute;s-industrial (era da informa&ccedil;&atilde;o)"
1;4;3;"Liste os quatro argumentos centrais que o autor apresenta para fundamentar sua posi&ccedil;&atilde;o contra a produ&ccedil;&atilde;o constante de novas vers&otilde;es de programas.";"1-N&atilde;o h&aacute; necessidade de se comprar um software novo se o velho funciona bem.<br/>2-A maioria das pessoas usam muito pouco dos recursos j&aacute; oferecidos pelos softwares. Treine seus empregados no <i>software</i> que voc&ecirc; j&aacute; usa.<br/>3-As companhias desenvolvedoras de software n&atilde;o baseiam sua produ&ccedil;&atilde;o nas reais necessidades do usu&aacute;rio, e sim em consultas internas que favorecem seus pr&oacute;prios interesses.<br/>4-A produ&ccedil;&atilde;o constante de novos programas pelas grandes companhias tira o espa&ccedil;o de mercado das empresas menores."
1;4;4;"Qual &eacute; a rela&ccedil;&atilde;o existente na compara&ccedil;&atilde;o feita pelo autor entre as companhias que produzem softwares e a ind&uacute;stria automobil&iacute;stica?";"Em ambos os casos &eacute; o interesse no lucro e n&atilde;o a necessidade do usu&aacute;rio que mant&eacute;m a constante produ&ccedil;&atilde;o de novos softwares ou novos modelos de carros."
1;4;5;"A op&ccedil;&atilde;o por um ou outro tempo verbal nunca &eacute; feita de forma aleat&oacute;ria na constru&ccedil;&atilde;o de um texto. No segundo par&aacute;grafo, o autor usa tr&ecirc;s tempos verbais distintos: presente simples, presente cont&iacute;nuo e presente perfeito. Analise que diferen&ccedil;as existem entre as informa&ccedil;&otilde;es veiculadas neste par&aacute;grafo que justificam a escolha dos diferentes tempos verbais feita pelo autor.";"a-) o presente simples marca que a a&ccedil;&atilde;o &eacute; habitual ou apresenta a informa&ccedil;&atilde;o como um fato declarado. Ex: I use an old version of wordperfect on my PC (a&ccedil;&atilde;o habitual), ou I periodically check the almost useless 'help' function (a&ccedil;&atilde;o habitual). I am not a troglodyte (fato). b-) o presente cont&iacute;nuo mostra uma a&ccedil;&atilde;o que ainda est&aacute; ocorrendo no momento presente. ex: The old version is working O.K. c-) o presente perfeito salienta a relev&acirc;ncia que a a&ccedil;&atilde;o passada tem para o que est&aacute; sendo relatado no momento presente. Ex: I have mastered many of the basic features... (Eu aprendi/dominei muitas das caracter&iacute;sticas b&aacute;sicas) ou I have never opened the manual (Eu nunca abri o manual)."
1;4;6;"Considerando a linha argumentativa do texto, o que voc&ecirc; acha que o autor quer dizer quando afirma &#39;Today, with shelf space constraints in stores and mind space constraints among consumers, there is little room for the great new program. A time out would give the little guy breathing room.&#39;";"O excesso de produtos em oferta provoca uma satura&ccedil;&atilde;o  do mercado.  N&atilde;o h&aacute; espa&ccedil;o f&iacute;sico nas lojas (o que exclui, por melhor que sejam, produtos de empresas pequenas, que n&atilde;o t&ecirc;m espa&ccedil;o no mercado) e os c&eacute;rebros dos usu&aacute;rios  j&aacute; est&atilde;o sobrecarregados com os softwares j&aacute; dispon&iacute;veis."
1;5;1;"A atividade de pr&eacute;-leitura chamou sua aten&ccedil;&atilde;o sobre a a camada social que frequenta as creches p&uacute;blicas. Em que medida tal expectativa &eacute; importante para a compreens&atilde;o do texto?";"Saber que o texto trata de uma popula&ccedil;&atilde;o de baixa renda pode ser &uacute;til para prever as condi&ccedil;&otilde;es que levam &agrave; dissemina&ccedil;&atilde;o da doen&ccedil;a."
1;5;2;"O texto relata uma pesquisa sobre pneumonia.<br />a) Quem s&atilde;o os pesquisadores que comp&otilde;em o grupo desta pesquisa?<br />b) Qual a popula&ccedil;&atilde;o selecionada para este estudo?";"a) O grupo &eacute; composto por pesquisadores da Universidade Federal do Cear&aacute;, da Universidade Federal de Pelotas, do Hospital Pedi&aacute;trico Santo Ant&ocirc;nio e da Faculdade de Higiene e Medicina Tropical de Londres. b) 650 crian&ccedil;as, abaixo de 2 anos, que estavam com pneumonia e 650 crian&ccedil;as do mesmo bairro que n&atilde;o estavam doentes."
1;5;3;"Com rela&ccedil;&atilde;o &agrave;s pesquisas sobre pneumonia infantil em pa&iacute;ses em desenvolvimento<br />a) Qual era o foco anterior?<br />b) Qual o novo foco adotado para esta pesquisa?";"a) Nas pesquisas anteriores, a pneumonia infantil era ligada a outros fatores, tais como a m&aacute;-nutri&ccedil;&atilde;o. b) Nas pesquisa focalizada no texto, &eacute; estabelecida uma rela&ccedil;&atilde;o entre a pneumonia infantil e os cuidados dedicados &agrave;s crian&ccedil;as."
1;5;4;"Quais os resultados obtidos nesta investiga&ccedil;&atilde;o?";"Descobriu-se que as crian&ccedil;as cujas m&atilde;es trabalham fora t&ecirc;m uma tend&ecirc;ncia 1,58 maior de contrair pneumonia. As crian&ccedil;as de fam&iacute;lias numerosas, com mais de 7 filhos, t&ecirc;m uma tend&ecirc;ncia 2,36 maior de contrair a doen&ccedil;a. Quanto &agrave;s crian&ccedil;as que frequentam creches, essas t&ecirc;m uma probabilidade 5,22 vezes maior de contrair a pneumonia."
1;5;5;"Que condi&ccedil;&otilde;es ambientais favorecem a prolifera&ccedil;&atilde;o de pneumonia infantil nas creches?";"Muitas crian&ccedil;as confinadas em um espa&ccedil;o pequeno, condi&ccedil;&otilde;es prec&aacute;rias de higiene, o fato dos funcion&aacute;rios que lidam com as crian&ccedil;as n&atilde;o lavarem suas m&atilde;os adequadamente e o fracasso em reconhecer os sintomas da pneumonia."
1;5;6;"Quais as recomenda&ccedil;&otilde;es feitas pelo grupo de pesquisadores?";"Os pesquisadores recomendam que os funcion&aacute;rios e administradores de creches sejam orientados com rela&ccedil;&atilde;o ao planejamento, &agrave; distribui&ccedil;&atilde;o de espa&ccedil;os e &agrave; administra&ccedil;&atilde;o da creche, a fim de que o risco de pneumonia seja minimizado."
2;1;1;"No primeiro par&aacute;grafo, o texto apresenta duas explica&ccedil;&otilde;es para o fato das mulheres evitarem confrontos f&iacute;sicos: uma de senso comum e a outra defendida pela argumenta&ccedil;&atilde;o do texto. Quais s&atilde;o essas explica&ccedil;&otilde;es?";"a) Senso comum: as mulheres evitam brigas porque s&atilde;o delicadas ou medrosas. b) Posi&ccedil;&atilde;o defendida pela argumenta&ccedil;&atilde;o do texto: as mulheres procuram se manter vivas para poder criar a sua prole."
2;1;2;"O texto afirma que as mulheres desenvolveram um impulso maior para acompanhar o crescimento dos filhos. Qual &eacute; a justificativa apresentada do ponto de vista cultural?";"Na maioria das culturas, o homem desempenha um papel menor na cria&ccedil;&atilde;o dos filhos. Isto justificaria o fato da preocupa&ccedil;&atilde;o masculina estar mais voltada para  a quantidade de filhos, enquanto a preocupa&ccedil;&atilde;o das mulheres centra-se mais na qualidade do cuidado dado &agrave; prole."
2;1;3;"Qual a explica&ccedil;&atilde;o, do ponto de vista cient&iacute;fico, para as mulheres, ao contr&aacute;rio dos homens, envolverem-se mais com a cria&ccedil;&atilde;o dos filhos?";"Do ponto de vista cient&iacute;fico, as mulheres n&atilde;o t&ecirc;m d&uacute;vida de que os filhos s&atilde;o seus, portanto, a reprodu&ccedil;&atilde;o dos seus genes est&aacute; garantida na prole. O mesmo n&atilde;o se aplica aos homens."
2;1;4;"Para garantir a quantidade de filhos no processo de evolu&ccedil;&atilde;o, qual a estrat&eacute;gia que tem sido adotada pelos homens para atrair parceiras?";"O homem precisa demonstrar sua superioridade em rela&ccedil;&atilde;o aos demais, provando, por exemplo, ser o melhor, o mais forte, o mais agressivo, o mais determinado ou o mais inteligente."
2;1;5;"Segundo o texto, a competi&ccedil;&atilde;o das mulheres por parceiros sexuais existe, mas suas estrat&eacute;gias diferem das masculinas. Que estrat&eacute;gias s&atilde;o essas?";"As mulheres usam t&aacute;ticas indiretas: abalam a credibilidade das concorrentes espalhando rumores e, normalmente, escondendo suas a&ccedil;&otilde;es e vit&oacute;rias."
2;1;6;"Como os valores culturais refor&ccedil;am as diferen&ccedil;as entre a agressividade masculina e a feminina?";"As culturas tendem a rotular as mulheres como  sendo 'do sexo fraco' e 'n&atilde;o-agressivas'. Qualquer comportamento expl&iacute;cito de agressividade feminina tende a ser culturalmente censurado."
2;2;1;"Ap&oacute;s a leitura do texto, qual o sentido que voc&ecirc; atribuiu &agrave; palavra 'Soap' e quais as pistas que o texto ofereceu para voc&ecirc; chegar a esse sentido?";"Soap &eacute; a forma reduzida do termo 'soap opera' que significa 'novela'. O texto oferece algumas pistas para deduzir o sentido dessa palavra: a) a palavra 'opera' pode ser associada a 'representa&ccedil;&atilde;o'; b) o texto menciona a rede Globo e tamb&eacute;m informa que 'soap operas' s&atilde;o apresentadas 6 dias por semana e 3 horas todas as noites (s&oacute; as novelas se encaixariam nessas condi&ccedil;&otilde;es de apresenta&ccedil;&atilde;o)."
2;2;2;"Segundo o texto, que diferen&ccedil;as existem entre a redu&ccedil;&atilde;o da taxa de fertilidade na &Iacute;ndia e no Brasil?";"No Brasil, embora n&atilde;o exista nenhum programa de controle de natalidade, est&aacute; havendo um decr&eacute;scimo na taxa de natalidade duas vezes maior do que na &Iacute;ndia."
2;2;3;"Qual a redu&ccedil;&atilde;o das taxas de crescimento populacional observada no Brasil?";"2.99% ao ano de 1951 a 1960 e 1.93% ao ano de 1981 a 1990."
2;2;4;"Quais as duas causas que explicariam o decr&eacute;scimo populacional brasileiro?";"As novelas de televis&atilde;o e o sistema  de cr&eacute;dito."
2;2;5;"Como as novelas influem no decr&eacute;scimo da taxa de aumento populacional no Brasil?";"De uma forma bastante atraente, as novelas veiculam valores das classes m&eacute;dia e m&eacute;dia alta como, por exemplo, a valoriza&ccedil;&atilde;o de mulheres que trabalham fora e t&ecirc;m poucos filhos."
2;2;6;"Qual &eacute; a explica&ccedil;&atilde;o que o texto oferece para a rela&ccedil;&atilde;o estabelecida entre o sistema de cr&eacute;dito introduzido no Brasil na d&eacute;cada de 70 e o decl&iacute;nio do crescimento populacional brasileiro?";"O sistema de cr&eacute;dito permite que as camadas mais pobres da popula&ccedil;&atilde;o tenham acesso ao consumo de bens e &eacute; invi&aacute;vel manter um certo padr&atilde;o de consumo sem que haja controle sobre o n&uacute;mero de filhos."
2;3;1;"O t&iacute;tulo 'The importance of being useless' &eacute; ir&ocirc;nico.O que caracteriza a ironia nesse caso?";"Para o senso comum, &eacute; um paradoxo que algo 'sem utilidade' seja 'importante'."
2;3;2;"Por que as palavras 'useful' e 'usefulness' aparecem entre aspas neste texto?";"Um dos usos das aspas &eacute; justamente marcar que a palavra n&atilde;o est&aacute; sendo usada da forma convencional. No texto, este &eacute; um recurso para chamar a aten&ccedil;&atilde;o para a concep&ccedil;&atilde;o 'utilit&aacute;ria' de ci&ecirc;ncia que o autor est&aacute; questionando em sua argumenta&ccedil;&atilde;o."
2;3;3;"Que fato motivou Anturo Sagally a escrever um artigo defendendo a import&acirc;ncia de pesquisas que n&atilde;o s&atilde;o diretamente &uacute;teis &agrave; sociedade?";"O artigo de Sagally &eacute; uma resposta a um artigo publicado na imprensa canadense que criticava o uso de verbas p&uacute;blicas para financiar pesquisas centradas em temas n&atilde;o vinculados &agrave; realidade imediata, como &eacute; o caso dos 'eunucos na China Imperial'."
2;3;4;"Sagally apresenta dois argumentos centrais para questionar as cr&iacute;ticas que a imprensa tende a fazer sobre o financiamento de pesquisas 'n&atilde;o &uacute;teis'. Que argumentos s&atilde;o esses?";"Os dois argumentos s&atilde;o:<br/>a) os julgamentos levam em considera&ccedil;&atilde;o apenas o t&iacute;tulo das pesquisas e n&atilde;o a an&aacute;lise dos projetos. Os t&iacute;tulos podem parecer irrelevantes ou ser pouco informativos para pessoas que n&atilde;o s&atilde;o especialistas na &aacute;rea.<br/>b) a imprensa rotula pesquisas de 'n&atilde;o &uacute;teis' sem deixar claro o crit&eacute;rio de 'utilidade' que est&aacute; adotando."
2;3;5;"Discutindo o crit&eacute;rio de 'utilidade' em ci&ecirc;ncia, quais as duas defini&ccedil;&otilde;es apontadas por Sagally e como o autor se posiciona frente a essas defini&ccedil;&otilde;es?";"O autor menciona dois poss&iacute;veis crit&eacute;rios: a utilidade da pesquisa para a economia do pa&iacute;s e os benef&iacute;cios que esta traz para a humanidade. Esses crit&eacute;rios s&atilde;o criticados no texto, uma vez que o primeiro poderia excluir pesquisas sobre o passado e o universo, e o segundo excluiria a possibilidade de pesquisas originais, baseadas em quest&otilde;es meramente especulativas."
2;3;6;"Como a posi&ccedil;&atilde;o defendida por Sagally &eacute; apresentada nos par&aacute;grafos do texto? Fa&ccedil;a um esquema da organiza&ccedil;&atilde;o do texto.";"Primeiro par&aacute;grafo: coloca&ccedil;&atilde;o do problema (artigo que questiona a utilidade das pesquisas mencionando um t&iacute;tulo aparentemente ins&oacute;lito) e questionamento sobre o uso de t&iacute;tulos como refer&ecirc;ncia para cr&iacute;tica. Segundo par&aacute;grafo: cr&iacute;tica a uma poss&iacute;vel concep&ccedil;&atilde;o de 'utilidade' em ci&ecirc;ncia. Terceiro pragr&aacute;fo: cr&iacute;tica a uma segunda concep&ccedil;&atilde;o de 'utilidade' em ci&ecirc;ncia. Quarto par&aacute;grafo: problematiza&ccedil;&atilde;o da  proposta de exclus&atilde;o de pesquisas (refer&ecirc;ncia ao paradoxo grego)."
2;4;1;"Por que o t&iacute;tulo deste texto &eacute; '$ A MODERN DAY SCROOGE $ ?'";"O t&iacute;tulo do texto estabelece um paralelo entre a personalidade mesquinha e sovina de Scrooge (personagem de Dickens e/ou Disney) e a fase inicial da vida de Rockfeller, quando ele enriqueceu explorando seus empregados."
2;4;2;"O que vem a ser alopecia?";"&Eacute; uma doen&ccedil;a que faz cair n&atilde;o s&oacute; os cabelos da cabe&ccedil;a, mas tamb&eacute;m de outras partes do corpo, como as sobrancelhas e os c&iacute;lios."
2;4;3;"Indique que fatores fizeram Rockfeller mudar radicalmente sua maneira de ser.";"a) Ele ficou muito doente e estava para morrer.<br/>b) Deu-se conta da impossibilidade de levar seu dinheiro consigo ap&oacute;s a morte."
2;4;4;"O in&iacute;cio e o meio do texto apresentam duas posi&ccedil;&otilde;es antag&ocirc;nicas de Rockfeller em rela&ccedil;&atilde;o ao dinheiro. Quais s&atilde;o elas?";"a) Ele era impiedosso e s&oacute; visava lucros (crushed the helpless).<br/>b) Ele viu  o dinheiro como algo a ser compartilhado, visando o benef&iacute;cio dos outros."
2;4;5;"Indique as mudan&ccedil;as que ocorreram na vida do milion&aacute;rio ap&oacute;s a cria&ccedil;&atilde;o da Funda&ccedil;&atilde;o Rockfeller.";"Ele come&ccedil;ou a pensar e agir de forma altru&iacute;sta e, assim, teve sua sa&uacute;de restabelecida e come&ccedil;ou a dormir e comer normalmente. Passou a apreciar a vida e s&oacute; morreu com 98 anos de idade."
2;4;6;"A hist&oacute;ria apresentada no texto mostra um per&iacute;odo de reflex&atilde;o na vida de Rockfeller. Indique quais das palavras abaixo descrevem o momento antes e quais descrevem o momento depois deste per&iacute;odo: <br /><br /><span class='enun_questions_slim'>sleepless / lifeless / unselfishly<br /> hopeless / usefulness / malnutrition<br /> bitterness / healthful / malnourished<br /> grateful / helpless / skinny<br /> self-centeredness / enjoyable.</span>";"ANTES<br />sleepless / lifeless / hopeless / malnutrition / bitterness / malnourished / helpless / skinny / self-centeredness.<br /><br />DEPOIS<br />unselfishly / usefulness / healthful / grateful / enjoyable."
2;5;1;"A argumenta&ccedil;&atilde;o do texto seguiu a dire&ccedil;&atilde;o que voc&ecirc; previu na atividade de pr&eacute;-leitura?";"Se voc&ecirc; prestou aten&ccedil;&atilde;o &agrave;s informa&ccedil;&otilde;es oferecidas antes da leitura, que especificaram a linha te&oacute;rica do autor, voc&ecirc; poderia ter esperado que o autor fosse questionar a vis&atilde;o de 'divertimento familiar, saud&aacute;vel e inocente' geralmente associada aos produtos produzidos pela Corpora&ccedil;&atilde;o Disney (Disneyl&acirc;ndia, filmes e outros produtos comerciais)."
2;5;2;"Que fatos concretos levaram a comunidade batista a acusar a corpora&ccedil;&atilde;o Disney de promover ideologias imorais?";"O texto menciona tr&ecirc;s fatos:<br/>a-) Patrocinar 'dias gays' nos parques tem&aacute;ticos.<br/>b-) Fornecer seguro sa&uacute;de para parceiros de empregados gays da corpora&ccedil;&atilde;o.<br/>c-) Publicar livros com informa&ccedil;&otilde;es sobre como tornar-se um adulto, sendo 'gay'."
2;5;3;"O boicote da comunidade batista coloca em quest&atilde;o a imagem tradicionalmente associada &agrave; corpora&ccedil;&atilde;o Disney. Que imagem &eacute; essa?";"A corpora&ccedil;&atilde;o Disney &eacute; tradicionalmente associada a divertimento infantil inocente e passatempo familiar saud&aacute;vel."
2;5;4;"Considerando as coloca&ccedil;&otilde;es do 2&deg; par&aacute;grafo, o autor concorda ou n&atilde;o com a posi&ccedil;&atilde;o da comunidade batista? Explique por qu&ecirc;.";"Na realidade, o autor discorda da posi&ccedil;&atilde;o adotada pela comunidade batista.  Como ele coloca no texto, a corpora&ccedil;&atilde;o Disney deveria ser criticada n&atilde;o por ser contra pr&aacute;ticas homof&oacute;bicas,  mas sim por usar a 'inoc&ecirc;ncia'  como uma camuflagem que esconde sua posi&ccedil;&atilde;o de monop&oacute;lio sobre a m&iacute;dia e sua participa&ccedil;&atilde;o na constru&ccedil;&atilde;o de uma cultura que desvirtua a hist&oacute;ria e favorece a ideologia de consumo."
2;5;5;"No 3&deg; par&aacute;grafo do texto, o autor expressa sua opini&atilde;o sobre a corpora&ccedil;&atilde;o Disney: &eacute; uma amea&ccedil;a &agrave; democracia. Que argumentos ele apresenta para defender essa posi&ccedil;&atilde;o?";"A corpora&ccedil;&atilde;o Disney monopoliza a m&iacute;dia, controla o fluxo de informa&ccedil;&otilde;es limitando os espa&ccedil;os existentes para express&atilde;o e escolhas.  A corpora&ccedil;&atilde;o usa seu poder econ&ocirc;mico para moldar a consci&ecirc;ncia do p&uacute;blico e minar a exist&ecirc;ncia de debates p&uacute;blicos relevantes."
2;5;6;"Como o autor organiza sua argumenta&ccedil;&atilde;o no par&aacute;grafo final deste texto?";"O autor organiza seu argumento em tr&ecirc;s partes:<br/>a-)  refuta a cr&iacute;tica de transgress&atilde;o a valores morais feita pela comunidade batista contra a corpora&ccedil;&atilde;o Disney;<br/>b-) acusa a corpora&ccedil;&atilde;o de manipula&ccedil;&atilde;o ideol&oacute;gica e oferece uma s&eacute;rie de exemplos para ilustrar esta acusa&ccedil;&atilde;o;<br/>c-) acusa a corpora&ccedil;&atilde;o de fazer mal &agrave;s crian&ccedil;as indefesas frente &agrave;s ideologias veiculadas pela corpora&ccedil;&atilde;o atrav&eacute;s do seu controle econ&ocirc;mico e influ&ecirc;ncia pedag&oacute;gica."
3;1;1;"Qual o sentido de 'coffin(s)', que aparece no final do primeiro par&aacute;grafo e no final do segundo par&aacute;grafo? Qual o significado da palavra 'buried', que aparece no in&iacute;cio do segundo par&aacute;grafo?";"a) coffin - caix&atilde;o. b) bury, buried - enterrar"
3;1;2;"Quem s&atilde;o os clientes previstos para os caix&otilde;es constru&iacute;dos por Sysocky?";"Torcedores brasileiros de futebol que s&atilde;o fan&aacute;ticos."
3;1;3;"Como o texto descreve os caix&otilde;es fabricados por Carlos Sysocki?";"S&atilde;o caix&otilde;es exclusivos, que s&atilde;o brilhantes e custam US$600. Esses caix&otilde;es s&atilde;o pintados com as cores vivas e inconfund&iacute;veis dos clubes de futebol nacionais favoritos. Cada caix&atilde;o exibe o s&iacute;mbolo do time."
3;1;4;"Que fato inspirou Sysocki a criar caix&otilde;es com as cores e s&iacute;mbolos de time de futebol?";"Sysocki notou que as pessoas pedem para que seus entes queridos sejam enterrados com a camisa e a bandeira dos seus times prediletos."
3;1;5;"Na pen&uacute;ltima senten&ccedil;a do texto, o autor refere-se a Sysocki de uma forma ir&ocirc;nica. Releia essa senten&ccedil;a buscando perceber como o autor constr&oacute;i esta ironia.";"O tema desse texto &eacute; bastante bizarro. Nessa senten&ccedil;a, o autor contrasta duas id&eacute;ias aparentemente antag&ocirc;nicas: o agente funer&aacute;rio n&atilde;o planeja morrer logo, mas j&aacute; est&aacute; com seu caix&atilde;o pronto para ser usado. A express&atilde;o que o autor usa para se referir &agrave; morte - temporal departure - n&atilde;o sendo usual, refor&ccedil;a ainda mais a ironia do coment&aacute;rio."
3;1;6;"A &uacute;ltima afirma&ccedil;&atilde;o feita no texto ('a personal goal') &eacute; um trocadilho que refor&ccedil;a o tom ir&ocirc;nico da conclus&atilde;o. identifique as duas possibilidades de interpreta&ccedil;&atilde;o deste trocadilho.";"A afirma&ccedil;&atilde;o 'Personal goal' no contexto, refere-se ao objetivo de Sysocki de ser enterrado em um caix&atilde;o com as cores de seu time. Mas a palavra 'goal' tamb&eacute;m remete a futebol, que &eacute; o objeto do fanatismo tratado no texto."
3;2;1;"Segundo a explica&ccedil;&atilde;o dada no texto em que consiste a pr&aacute;tica francesa denominada 'en viager'?";"&Eacute; uma pr&aacute;tica de transi&ccedil;&atilde;o imobili&aacute;ria na qual um propriet&aacute;rio idoso de uma resid&ecirc;ncia recebe uma quantia mensal de um comprador interessado, o qual assume a propriedade quando o morador original falece."
3;2;2;"Qual a vantagem do 'en viager'?";"Se o propriet&aacute;rio original morrer logo, o comprador pode adquirir uma moradia muito boa por uma pechincha."
3;2;3;"Como Andr&eacute;-Fran&ccedil;ois Raffray avaliou o acordo ('deal') que fez com Jeanne Calment 31 anos antes e como este acordo est&aacute; sendo avaliado agora?";"Quando o acordo foi feito, ele era considerado um neg&oacute;cio que se faz uma &uacute;nica vez na vida (a once-in-a-lifetime  deal), ou seja, um neg&oacute;cio da 'China' e agora ele est&aacute; sendo avaliado como um neg&oacute;cio um tanto quanto infeliz (a rather unfortunate deal)."
3;2;4;"Por que o neg&oacute;cio com Calment parecia t&atilde;o promissor quando o acordo foi feito?";"Calment j&aacute; tinha 90 anos e com essa idade era de se esperar que ela morresse em breve."
3;2;5;"Por que as expectativas originais de Raffray n&atilde;o se confirmaram e que tipo de preju&iacute;zos o seu acordo com Jeanne Calment trouxe para a sua fam&iacute;lia?";"Calment, uma idosa bastante resistente, &eacute; a pessoa mais velha do mundo. Raffray pagou $184.000 e morreu antes de poder ocupar o apartamento e a d&iacute;vida original do acordo ($500 mensais) precisa continuar sendo paga pela sua fam&iacute;lia."
3;2;6;"Como o autor organiza a informa&ccedil;&atilde;o veiculada por este texto nos dois par&aacute;grafos que comp&otilde;em esta hist&oacute;ria?";"O primeiro par&aacute;grafo contextualiza o problema, explicando para o leitor  quais s&atilde;o as caracter&iacute;sticas deste acordo imobili&aacute;rio que existe na Fran&ccedil;a. O segundo par&aacute;grafo conta a hist&oacute;ria de Raffray, que n&atilde;o foi muito feliz ao optar por esse tipo de neg&oacute;cio com uma velhinha que teve uma sobrevida totalmente inesperada."
3;3;1;"O autor do texto menciona que a quest&atilde;o da extin&ccedil;&atilde;o das esp&eacute;cies &eacute; um processo natural. Como esta afirma&ccedil;&atilde;o inicial se relaciona com a argumenta&ccedil;&atilde;o que segue no texto?";"A linha de argumenta&ccedil;&atilde;o segue em sentido diferente, pois uma nova id&eacute;ia &eacute; introduzida: a de que os homens aceleram o processo de extin&ccedil;&atilde;o."
3;3;2;"A que grupo nominal refere-se a sigla WCMC mencionada no terceiro par&aacute;grafo do texto e como esse grupo poderia ser traduzido?";"A sigla refere-se a World Conservation Monitoring Centre, que poderia ser traduzida por: Centro Mundial de Monitoramento de Conserva&ccedil;&atilde;o."
3;3;3;"Qual &eacute; a fun&ccedil;&atilde;o, no texto, da informa&ccedil;&atilde;o colocada entre travess&otilde;es no segundo par&aacute;grafo?";"A informa&ccedil;&atilde;o apresentada entre travess&otilde;es especifica o que foi colocado antes na senten&ccedil;a, ou seja, esclarece para o leitor quais foram as 13 esp&eacute;cies extintas."
3;3;4;"Por que a extin&ccedil;&atilde;o das esp&eacute;cies tende a se agravar nas ilhas?";"O texto indica que h&aacute; v&aacute;rias raz&otilde;es, mas s&oacute; explicita duas delas: a-) as esp&eacute;cies que vivem nas ilhas tendem a ser de uma gama limitada e frequentemente t&ecirc;m uma popula&ccedil;&atilde;o baixa (o que explica a elimina&ccedil;&atilde;o das esp&eacute;cies pelo homem, mencionada no par&aacute;grafo anterior).<br/>b-) a a&ccedil;&atilde;o predadora de novas esp&eacute;cies introduzidas nas ilhas (o que explica a elimina&ccedil;&atilde;o de p&aacute;ssaros como o dodo mencionada no par&aacute;grafo em quest&atilde;o)."
3;3;5;"Considerando a progress&atilde;o tem&aacute;tica deste texto, o par&aacute;grafo inicial tem a fun&ccedil;&atilde;o de chamar a aten&ccedil;&atilde;o do leitor para um problema: a extin&ccedil;&atilde;o das esp&eacute;cies. Qual &eacute; a fun&ccedil;&atilde;o de cada um dos par&aacute;grafos que seguem?";"Par&aacute;grafo 2: ilustra com dados do WCMC a dimens&atilde;o geral do problema citado no par&aacute;grafo inicial.<br/> Par&aacute;grafos3: tendo como ponto de partida a quest&atilde;o geral, focalizam uma quest&atilde;o mais espec&iacute;fica: a extin&ccedil;&atilde;o que ocorre nas ilhas.<br/>Par&aacute;grafo final: apresenta o comp&ecirc;ndio do WCMC, que estava prestes a ser publicado na &eacute;poca em que o presente artigo o mencionou. A discuss&atilde;o do texto alerta  o leitor para a relev&acirc;ncia deste comp&ecirc;ndio."
3;3;6;"H&aacute; uma aparente semelhan&ccedil;a nas partes sublinhadas das senten&ccedil;as retiradas do texto lido. Por&eacute;m,  h&aacute; uma diferen√ßa do ponto de vista lingu&iacute;stico. Qual &eacute; essa diferen&ccedil;a?<br/><br/>a) ... <span class=\"quest_under\">human beings have triggered extinctions</span> on a scale and at a rate comparable with the major extinction events of the geological past<br/><br/> b) There are several possible reasons for the increased vulnerability of birds. The most obvious is that island species <span class=\"quest_under\">have limited ranges</span> and often low populations.";"No  exemplo (a) &lsquo;have triggered&rsquo; &eacute; um verbo conjugado no presente perfeito e no exemplo <br/>(b) 'have' &eacute; o verbo da ora&ccedil;&atilde;o e 'limited'  &eacute; um adjetivo que qualifica 'ranges'."
3;4;1;"Discutindo a quest&atilde;o do levante popular, o par&aacute;grafo inicial deste texto menciona confrontos ocorridos no Rio em 1991. Quais s&atilde;o eles?";"Os confrontos mencionados no texto s&atilde;o:<br/><br/> a-) os favelados do Rio das Pedras invadiram 980 apartamentos no elegante distrito da praia da Barra.<br/>b-) em mais de 12 outros incidentes, fam&iacute;lias pobres apossaram-se de terrenos baldios e projetos de habita&ccedil;&atilde;o popular em constru&ccedil;&atilde;o."
3;4;2;"Qual foi a posi&ccedil;&atilde;o de Leonel Brizola frente &agrave;s invas&otilde;es e como ele justificou tal posi&ccedil;&atilde;o?";"Para Brizola, as invas&otilde;es eram esperadas, considerando-se que as casas do complexo, constru&iacute;das com dinheiro p&uacute;blico, estavam vazias h&aacute; sete anos e localizavam-se junto a uma favela na qual viviam pessoas em condi&ccedil;&otilde;es miser&aacute;veis."
3;4;3;"Como voc&ecirc; traduziria as express&otilde;es que seguem, extra&iacute;das do in&iacute;cio do terceiro par&aacute;grafo do texto: 'land hunger', 'decent housing', e 'recent housing takeovers'.";"land hunger' - literalmente seria 'fome de terra'. No contexto, seria 'desejo extremo de possuir terra pr&oacute;pria'. 'decent housing' - moradia decente. 'recent housing takeovers' - ocupa&ccedil;&otilde;es recentes de casas"
3;4;4;"No terceiro e quarto par&aacute;grafos, o texto esclarece quais pessoas s&atilde;o a favor e quais s&atilde;o contra as invas&otilde;es. identifique quem faz parte de cada um desses grupos antag&ocirc;nicos.";"Pr&oacute;-invas&atilde;o: defensores de direitos humanos como:<br/>- moradores da favela,<br/>- l&iacute;deres da igreja progressista e<br/>- pol&iacute;ticos da ala esquerda.<br/><br/>Contra invas&atilde;o: defensores da propriedade como:<br/>- especuladores imobili&aacute;rios,<br/>- pol&iacute;cia militar,<br/>- jornal 'O Globo',<br/>- o sistema legal (um juiz federal) e<br/>- a direita pol&iacute;tica"
3;4;5;"Quais depoimentos citados no texto sustentam a posi&ccedil;&atilde;o favor&aacute;vel &agrave; invas&atilde;o e contra ela?";"Pr&oacute;-invas&atilde;o:<br/>- depoimento feito por Brizola (pergunta 2),<br/>- &lsquo;Pessoas pobres precisam de um lugar para si mesmos&rsquo; (Martins dos Santos) e<br/>- &lsquo;Pelo menos eu tenho um teto sem goteira&rsquo; (uma m&atilde;e do grupo dos invasores).<br/><br/> Contra a invas&atilde;o:<br/>- invas&otilde;es n&atilde;o s&atilde;o admiss&iacute;veis sob nenhum pretexto. O direito de propriedade deve ser inviol&aacute;vel em uma sociedade democr&aacute;tica (O Globo)."
3;4;6;"Qual a atitude concreta tomada para evitar as invas&otilde;es e como o autor do texto se posiciona a respeito dessa medida?";"Os especuladores imobili&aacute;rios contrataram guardas armados para defender os pr&eacute;dios em constru&ccedil;&atilde;o. O autor do texto acha que tal medida aumenta a possibilidade de viol&ecirc;ncia no confronto entre as duas fac&ccedil;&otilde;es."
3;5;1;"Por que o texto inicia com uma alus&atilde;o a 'Principia'?";"Porque essa &eacute; uma das principais publica&ccedil;&otilde;es de Newton."
3;5;2;"Qual o foco de discuss&atilde;o escolhido para esta biografia?";"O texto d&aacute; destaque &agrave; tumultuada vida pessoal de Newton. Al&eacute;m disso, o autor tamb&eacute;m enfatiza a rela&ccedil;&atilde;o de Newton com a alquimia, que aparece marcada no subt&iacute;tulo."
3;5;3;"Que acontecimentos na vida de Newton contribu&iacute;ram para que ele se tornasse um adulto amargo e vingativo?";"Ele ficou &oacute;rf&atilde;o antes mesmo de nascer e quando sua m&atilde;e se casou novamente seu padrasto recusou-se a aceit&aacute;-lo em casa."
3;5;4;"De que forma o temperamento amargo e vingativo de Newton afetou sua vida como adulto?";"Newton sustentou conflitos acirrados com outros cientistas: Com John Flamsteed sobre o acesso a dados astron&ocirc;micos; com Leibinitz , sobre a inven&ccedil;&atilde;o do c&aacute;lculo e com Robert Hook, sobre tudo virtualmente imagin&aacute;vel. Al&eacute;m disso, na posi&ccedil;&atilde;o de Presidente da Casa da Moeda (Master of the Royal Mint), ficou conhecido pela morte violenta que infligia aos fals&aacute;rios, os quais ele mandava enforcar, arrastar e esquartejar."
3;5;5;"Segundo o autor deste texto, a que se refere o subt&iacute;tulo do livro resenhado, 'Isaac Newton: The Last Sorcerer'?";"Como o autor indica explicitamente no par&aacute;grafo 4, o subt&iacute;tulo revela a fascina&ccedil;&atilde;o secreta que Newton teve, por toda vida, pela alquimia."
3;5;6;"Quais foram as posi&ccedil;&otilde;es da Coroa Brit&acirc;nica e da Igreja com rela&ccedil;&atilde;o &agrave; alquimia, um dos grandes interesses de Newton?";"A alquimia n&atilde;o era tolerada pela Igreja. Quanto &agrave; Coroa Brit&acirc;nica, no in&iacute;cio sua posi&ccedil;&atilde;o foi contra, mas, posteriormente, tornou-se mais tolerante porque os monarcas tinham esperan&ccedil;a de que a descoberta da pedra filosofal ajudasse a Coroa a pagar suas d&iacute;vidas."
4;1;1;"Este texto se organiza contrapondo a realidade de dois grupos de pessoas. Indique que grupos s&atilde;o esses.";"Dois grupos distintos de pessoas idosas: um grupo de pessoas que levam uma vida independente e outro de pessoas que vivem em asilos."
4;1;2;"O primeiro par&aacute;grafo do texto menciona a explica&ccedil;&atilde;o que &eacute; tradicionalmente oferecida para o fato dos velhos viverem no passado. Indique:<br />a) qual &eacute; a explica&ccedil;&atilde;o tradicional;<br />b) qual &eacute; o fato novo apontado pelo estudo de Holland e Rabbit.";"a) a explica&ccedil;&atilde;o tradicional atribui tal fato &agrave; defici&ecirc;ncia da mem&oacute;ria: as pessoas idosas s&atilde;o incapazes de armazenar  ou recuperar eventos recentes.b) falar do passado &eacute; uma caracter&iacute;stica s&oacute; dos idosos que perdem sua independ&ecirc;ncia e vivem em asilos."
4;1;3;"No segundo par&aacute;grafo, o texto menciona dois pesquisadores: Carol Holland e Patrick Rabbit. Indique como o autor se refere a esses pesquisadores nos tr&ecirc;s par&aacute;grafos que seguem.";"Par&aacute;grafo 3 - The psychologists. Par&aacute;grafo 4 - Holland e Rabbit. Par&aacute;grafo 5 - The psychologists."
4;1;4;"Quais as duas explica&ccedil;&otilde;es de natureza social que o estudo de Holland e Rabbit ofereceram para os resultados obtidos?";"a) Idosos que n&atilde;o s&atilde;o independentes falam do passado porque n&atilde;o h&aacute; nada de novo acontecendo em suas vidas. b) Falar do passado tem uma fun&ccedil;&atilde;o mais importante na vida dos idosos que moram nos asilos porque esse tipo de assunto gera conversa entre eles e as pessoas que cuidam deles."
4;1;5;"Procure no texto itens lexicais (substantivos, verbos) semanticamente relacionados a 'mem&oacute;ria'.";"remember, remembering, remembered. recalled. rehearsing, rehearsed. reminiscence"
4;1;6;"Qual &eacute; o t&oacute;pico central em cada um dos par&aacute;grafos do texto ?";"1. Introduz a explica&ccedil;&atilde;o de senso comum sobre a mem&oacute;ria dos idosos. 2. Apresenta os dois psic&oacute;logos e resume a explica&ccedil;&atilde;o alternativa  que o estudo deles oferece. 3. Discute o estudo conduzido pelos psic&oacute;logos. 4. Apresenta o resultado obtido. 5. Expande a explica&ccedil;&atilde;o para os resultados j&aacute; mencionada no par&aacute;grafo 2. 6. Conclui o texto oferecendo outra explica&ccedil;&atilde;o de ordem social, que complementa a explica&ccedil;&atilde;o oferecida no par&aacute;grafo anterior."
4;2;1;"Segundo o texto, quais as raz&otilde;es que levaram o Taj Mahal a se tornar mundialmente famoso?";"A beleza arquitet&ocirc;nica e a hist&oacute;ria de amor que inspirou sua constru&ccedil;&atilde;o."
4;2;2;"Que informa&ccedil;&atilde;o o texto oferece no segundo par&aacute;grafo que comprova a hist&oacute;ria de amor citada no primeiro par&aacute;grafo?";"O segundo par&aacute;grafo menciona que Muntaz Mahal e Shah Jehan eram insepar&aacute;veis. Ela era sua companheira, conselheira e o acompanhava em todas as suas viagens e expedi&ccedil;&otilde;es militares. Eles viveram felizes por 18 anos."
4;2;3;"No terceiro par&aacute;grafo, o autor menciona que o povo apoiou a constru&ccedil;&atilde;o do Taj Mahal devido &agrave; bondade da imperatriz e a uma tr&aacute;gica circunst&acirc;ncia. Indique:<br/><br/>a) qual &eacute; a tr&aacute;gica circunst&acirc;ncia a que o texto se refere;<br/><br/>b) que informa&ccedil;&otilde;es anteriores permitem que o autor se refira &agrave; bondade da princesa.";"a-) A  tr&aacute;gica circunst&acirc;ncia se refere &agrave; morte da imperatriz ao dar &agrave; luz o seu d&eacute;cimo quarto filho.<br/>b-) O par&aacute;grafo anterior menciona que a imperatriz se preocupava com os fracos e necessitados e inspirava seu marido a fazer  atos de caridade e benevol&ecirc;ncia."
4;2;4;"No quinto par&aacute;grafo, o autor nos fornece uma descri&ccedil;&atilde;o das paredes do mausol&eacute;u, que se caracterizam por dois tipos de decora&ccedil;&atilde;o. Indique quais os dois tipos mencionados.";"Paredes decoradas em m&aacute;rmore e pedras preciosas e paredes adornadas com trechos do Cor&atilde;o."
4;2;5;"Em que parte do pr&eacute;dio central do Taj Mahal est&atilde;o localizadas as tumbas do X&aacute; e da sua esposa?";"As tumbas est&atilde;o na sala central, que fica acima da galeria."
4;2;6;"No &uacute;ltimo par&aacute;grafo, o autor nos apresenta, esquematicamente, um pequeno debate envolvendo diferentes opini&otilde;es sobre a hora do dia que melhor ressalta a beleza do monumento. Explicite as possibilidades mencionadas.";"Algumas pessoas acham que o monumento &eacute; mais belo ao entardecer; outras preferem ao meio-dia e outras preferem &agrave; luz do luar."
4;3;1;"Por que o texto inicia com uma cita&ccedil;&atilde;o de Pliny, the Elder?";"Esta cita&ccedil;&atilde;o est&aacute; em rela&ccedil;&atilde;o direta com o t&iacute;tulo do texto - A &Eacute;tica da Eutan&aacute;sia - e o dilema j&aacute; mencionado no subt&iacute;tulo do texto: a legaliza&ccedil;&atilde;o da eutan&aacute;sia vai colocar os m&eacute;dicos na condi&ccedil;&atilde;o de carrascos."
4;3;2;"No segundo par&aacute;grafo do texto, o autor se refere a alguns desdobramentos que indicam uma crescente desconfian&ccedil;a p&uacute;blica americana na forma como o sistema de sa&uacute;de mant&eacute;m a vida artificialmente, mesmo contra a vontade das pessoas. Quais os desdobramentos a que o texto se refere?";"O caso pol&ecirc;mico, publicado no New England Journal of Medicine, uma revista cient&iacute;fica de prest&iacute;gio, sobre um m&eacute;dico que ajudou um paciente a cometer suic&iacute;dio e um projeto de lei para legalizar a eutan&aacute;sia no Estado de Washington."
4;3;3;"O texto discute as quest&otilde;es &eacute;ticas envolvidas em dois tipos de eutan&aacute;sia: a ativa e a passiva. Em rela&ccedil;&atilde;o &agrave; eutan&aacute;sia passiva:<br/><br/>a) o que leva as pessoas a aceitarem esse tipo de eutan&aacute;sia?<br/><br/>b) qual &eacute; a explica&ccedil;&atilde;o &eacute;tica que a apoia?<br/>";"a) H&aacute; uma desconfian&ccedil;a do p&uacute;blico de que o sistema americano de sa&uacute;de recorra a tecnologias altamente avan&ccedil;adas para prolongar a vida de doentes terminais, mesmo contra a vontade da fam&iacute;lia.<br/>b) Eticamente, aceita-se que um adulto mentalmente competente, em estado terminal e sofrendo dor intoler&aacute;vel, possa escolher n&atilde;o ser mais submetido a recursos m&eacute;dicos que o mantenham vivo (aparelhos respirat&oacute;rios e alimenta&ccedil;&atilde;o atrav&eacute;s de tubos)."
4;3;4;"Em rela&ccedil;&atilde;o &agrave; eutan&aacute;sia ativa, quais as duas posi&ccedil;&otilde;es conflitantes que o texto apresenta?";"O texto apresenta a posi&ccedil;&atilde;o daqueles  que defendem a eutan&aacute;sia ativa, alegando que o paciente tem o direito de ter controle sobre o pr&oacute;prio corpo. A outra posi&ccedil;&atilde;o teme as consequ&ecirc;ncias sociais dessa pr&aacute;tica, argumentando que os m&eacute;dicos seriam relegados ao papel de carrascos."
4;3;5;"Quais as duas &aacute;reas de conhecimento mais diretamente envolvidas no debate sobre a eutan&aacute;sia?";"A filosofia e a medicina."
4;3;6;"No par&aacute;grafo conclusivo do texto, o autor afirma ser revelador o fato dos fil&oacute;sofos serem a favor da eutan&aacute;sia e os m&eacute;dicos serem contra. Considerando a discuss&atilde;o desenvolvida nos par&aacute;grafos anteriores, justifique essa asser&ccedil;&atilde;o.";"Embora profissionais de v&aacute;rias &aacute;reas estejam diretamente envolvidos na discuss&atilde;o sobre eutan&aacute;sia, s&atilde;o os fil&oacute;sofos e os m&eacute;dicos os mais envolvidos. N&atilde;o por acaso, os primeiros defendem a eutan&aacute;sia, preocupados com os direitos dos pacientes, e os &uacute;ltimos s&atilde;o contra, preocupados com a auto-imagem."
5;1;1;"Segundo o texto, que fatores contribu&iacute;ram para a manuten&ccedil;&atilde;o da m&uacute;sica de viola na sociedade tradicional brasileira?";"O fato dos violeiros ocuparem um espa&ccedil;o privilegiado na cultura nacional motivava o interesse dos violeiros em transmitirem seus conhecimentos musicais para seus filhos e outras pessoas interessadas."
5;1;2;"Quais as raz&otilde;es centrais apontadas como causa do decl&iacute;nio do interesse na viola?";"A urbaniza&ccedil;&atilde;o e industrializa&ccedil;&atilde;o do Brasil que gerou o &ecirc;xodo rural e o r&aacute;pido desenvolvimento dos meios de comunica&ccedil;&atilde;o de massa."
5;1;3;"Por que fatores como a urbaniza&ccedil;&atilde;o e a expans&atilde;o do r&aacute;dio e televis&atilde;o levaram as pessoas a perder o interesse pela viola?";"A viola est&aacute; associada &agrave; cultura rural e, com a urbaniza&ccedil;&atilde;o, passou a ser vista como representante de um tipo de cultura inferior. A expans&atilde;o dos meios de comunica&ccedil;&atilde;o divulgou as formas urbanas de m&uacute;sica em todo o pa&iacute;s. Ambos os fatos levaram as pessoas a rejeitar a viola."
5;1;4;"De que maneira a falta de interesse pela viola levou os pr&oacute;prios violeiros a modificar o repert&oacute;rio tradicional do instrumento?";"Para agradar a uma audi&ecirc;ncia mais ampla, os violeiros abandonaram as m&uacute;sicas e os padr&otilde;es r&iacute;tmicos e mel&oacute;dicos tradicionais, e t&ecirc;m optado por tocar m&uacute;sicas contempor&acirc;neas."
5;1;5;"Os par&aacute;grafos 3 e 4 apresentam duas posi&ccedil;&otilde;es diferentes frente ao repert&oacute;rio desej&aacute;vel para o tocador de viola. Explicite as duas posi&ccedil;&otilde;es que est&atilde;o sendo contrastadas.";"A primeira posi&ccedil;&atilde;o defende que, devido &agrave; falta de interesse na m&uacute;sica tradicional, o repert&oacute;rio atual da viola deveria consistir de padr&otilde;es r&iacute;tmicos e mel&oacute;dicos contempor&acirc;neos, que s&atilde;o mais atraentes para o p&uacute;blico moderno. A segunda posi&ccedil;&atilde;o defende a volta ao repert&oacute;rio tradicional do instrumento."
5;1;6;"No &uacute;ltimo par&aacute;grafo, o autor prop&otilde;e um perfil desej&aacute;vel para o tocador de viola nos dias atuais. Como seria esse perfil?";"O autor sugere que o tocador de viola nos dias atuais deve privilegiar um repert&oacute;rio que seja espec&iacute;fico para o instrumento. Deve tamb&eacute;m procurar t&eacute;cnicas de afina&ccedil;&atilde;o e execu&ccedil;&atilde;o pr&oacute;prias da viola e privilegiar a criatividade individual do artista."
5;2;1;"O texto classifica a explos&atilde;o demogr&aacute;fica como um sucesso biol&oacute;gico. Indique:<br />a) a causa desse sucesso;<br />b) os fatores que contribu&iacute;ram para essa causa.";"a-) Aumento da longevidade das pessoas. <br/>b-) Uma s&eacute;rie de inova&ccedil;&otilde;es tecnol&oacute;gicas, tais como: agricultura, saneamento e controle de muitas doen&ccedil;as epid&ecirc;micas."
5;2;2;"Qual &eacute; o sentido da palavra 'eons' que aparece no terceiro par&aacute;grafo?";"Eons refere-se a um per&iacute;odo de tempo extremamente longo."
5;2;3;"No terceiro par&aacute;grafo, o autor afirma que devido &agrave; superpopula&ccedil;&atilde;o e ao consumo excessivo, a humanidade &eacute; incapaz de se sustentar. Considerando as coloca&ccedil;&otilde;es desse par&aacute;grafo, indique como isso tem afetado o meio ambiente.";"O homem consumiu, em d&eacute;cadas, recursos naturais n&atilde;o renov&aacute;veis que se formaram durante bilh&otilde;es de anos, tais como combust&iacute;veis f&oacute;sseis e recursos minerais. O mesmo tem acontecido com os solos f&eacute;rteis, len&ccedil;&oacute;is fre&aacute;ticos e a biodiversidade."
5;2;4;"O autor do texto prop&otilde;e uma forma alternativa para analisar os problemas populacionais. Levando em considera&ccedil;&atilde;o a argumenta&ccedil;&atilde;o que ele desenvolve, indique: <br />a) Qual o tipo de an&aacute;lise que est&aacute; sendo contestado;<br/>b) Qual o novo tipo de an&aacute;lise proposto.";"a-) An&aacute;lise que s&oacute; leva em considera&ccedil;&atilde;o o n&uacute;mero de pessoas.<br/>b-) An&aacute;lise que leva em considera&ccedil;&atilde;o o impacto das pessoas no ecossistema e nos recursos n&atilde;o renov&aacute;veis."
5;2;5;"Para sustentar as suas coloca&ccedil;&otilde;es, o autor oferece dois exemplos:<br />a) quais s&atilde;o esses exemplos?<br />b) qual &eacute; a quest&atilde;o central que eles ilustram?";"a) Um exemplo &eacute; a compara&ccedil;&atilde;o entre o estilo de vida de crian&ccedil;as de primeiro e terceiro mundos; o outro, &eacute; a devasta&ccedil;&atilde;o das florestas tropicais.<br/>b) O impacto dos pa&iacute;ses ricos no meio ambiente."
5;2;6;"Qual &eacute; a conclus&atilde;o geral do texto?";"Embora o aumento populacional nos pa&iacute;ses do terceiro mundo possa, ao mesmo tempo, condenar as popula&ccedil;&otilde;es &agrave; pobreza continuada e contribuir para a destrui&ccedil;&atilde;o do meio ambiente local, o aumento populacional nos pa&iacute;ses ricos &eacute; uma amea&ccedil;a ainda maior para o ecossistema global, devido aos padr&otilde;es de consumo desses pa&iacute;ses."
5;3;1;"Como &eacute; definido no texto o conceito de intelig&ecirc;ncia emocional proposto por Peter Salovey e John Myer?";"Intelig&ecirc;ncia emocional engloba qualidades como compreender os pr&oacute;prios sentimentos, empatia pelos sentimentos dos outros e o controle da pr&oacute;pria emo&ccedil;&atilde;o para viver uma vida melhor."
5;3;2;"Em termos metodol&oacute;gicos, como se caracteriza a pesquisa conduzida por Salovey e Myer?";"A pesquisa &eacute; experimental (parte dos dados foi coletada a partir do experimento feito com as crian&ccedil;as e o marshmallow) e longitudinal (as crian&ccedil;as/sujeitos foram observadas at&eacute; se tornarem adultas)."
5;3;3;"A 'ansiedade' &eacute; apresentada no texto como um exemplo de emo&ccedil;&atilde;o que pode afetar a intelig&ecirc;ncia. Indique como o texto explica essa rela&ccedil;&atilde;o.";"A ansiedade &eacute; apontada como um alerta para o perigo e pode ter um efeito tanto positivo quanto negativo. Se a ansiedade for pouca, ela pode ajudar a colocar a mente em foco; se for em excesso, ela pode paralis&aacute;-la."
5;3;4;"O estudo sobre intelig&ecirc;ncia emocional teve in&iacute;cio com um experimento feito com crian&ccedil;as de quatro anos. Indique:<br />a) qual foi a situa&ccedil;&atilde;o-teste preparada para o experimento.<br />b) como os sujeitos da pesquisa reagiram a essa situa&ccedil;&atilde;o.";"a) os pesquisadores puseram as crian&ccedil;as, uma a uma, em uma sala dando-lhes duas op&ccedil;&otilde;es: a crian&ccedil;a poderia comer o doce de imediato ou poderia esperar alguns minutos at&eacute; a volta do pesquisador e, ent&atilde;o,  ganhar mais um marshmallow.<br/> b) Algumas crian&ccedil;as comeram o doce de imediato; outras conseguiram resistir apenas alguns minutos; e outras conseguiram esperar pela volta do pesquisador para ganhar o marshmallow adicional."
5;3;5;"A que conclus&otilde;es os pesquisadores chegaram ap&oacute;s a an&aacute;lise geral dos resultados da pesquisa?";"Os pesquisadores perceberam que havia uma  rela&ccedil;&atilde;o entre o fato de as crian&ccedil;as conseguirem ou n&atilde;o esperar pelo segundo marshmallow e seu futuro desempenho social. As crian&ccedil;as que esperaram pelo segundo marshmallow, em geral,  tornaram-se adolescentes ajustados, mais populares, destemidos, auto-confiantes e confi&aacute;veis. Entretanto, as que cederam &agrave; tenta&ccedil;&atilde;o apresentaram uma tend&ecirc;ncia maior a serem mais solit&aacute;rias, teimosas, a se frustrarem mais facilmente e a n&atilde;o reagirem bem em situa&ccedil;&otilde;es de stress."
5;3;6;"Qual a rela&ccedil;&atilde;o que o texto estabelece entre o experimento do marshmallow e a teoria da intelig&ecirc;ncia emocional?";"O experimento indicou que a habilidade de adiar a recompensa  indica intelig&ecirc;ncia emocional: &eacute; o triunfo da mente racional sobre a impulsiva. Em outras palavras, saber controlar a emo&ccedil;&atilde;o de uma forma que beneficie a vida &eacute; um sinal de intelig&ecirc;ncia emocional."
5;4;1;"Segundo o texto, quais os conceitos dados ao termo ra&ccedil;a?";"O texto menciona 3 conceitos:<br/>a) 'ra&ccedil;a' denominando origens culturais comuns.<br/>b) 'ra&ccedil;a' como crit&eacute;rio para classificar hierarquicamente as pessoas.<br/>c) 'ra&ccedil;a' como crit&eacute;rio para identificar grupos &eacute;tnicos de origens geogr&aacute;ficas distintas."
5;4;2;"Como a ci&ecirc;ncia contribuiu para o uso tendencioso do conceito de ra&ccedil;a?";"Os estudos dos cientistas dos s&eacute;culos XVIII e XIX, embora bastante diferentes entre si, convergiam em uma quest&atilde;o: a superioridade da ra&ccedil;a caucasiana sobre as demais."
5;4;3;"Por que o texto estabelece uma rela&ccedil;&atilde;o entre a teoria Darwinista e a decis&atilde;o da Unesco de condenar o racismo a partir dos anos 40?";"Porque a teoria da evolu&ccedil;&atilde;o, de Darwin, explica as diferen&ccedil;as raciais como um mero produto da adapta&ccedil;&atilde;o do homem ao meio-ambiente."
5;4;4;"Segundo o texto, do ponto de vista cient&iacute;fico, por que &eacute; problem&aacute;tico usar o conceito de ra&ccedil;a como um crit&eacute;rio para julgar o valor de um indiv&iacute;duo?";"As pesquisas sobre essa quest&atilde;o mostram que h&aacute; mais  diferen&ccedil;as entre os indiv&iacute;duos dentro de um mesmo grupo racial do que as encontradas quando se comparam indiv&iacute;duos de grupos raciais diferentes."
5;4;5;"Qual &eacute; a quest&atilde;o ilustrada pelo exemplo mencionado no &uacute;ltimo par&aacute;grafo e como esta quest&atilde;o se relaciona com a discuss&atilde;o geral do texto?";"O exemplo ilustra a inabilidade que um leigo tem de identificar a origem das pessoas baseando-se na sua apar&ecirc;ncia f&iacute;sica. Isso indica que, embora ra&ccedil;a possa ser um crit&eacute;rio de identifica&ccedil;&atilde;o de grupos &eacute;tnicos adotado pela antropologia (&uacute;nica utilidade do conceito, segundo o texto), as pessoas leigas n&atilde;o s&atilde;o suficientemente informadas para utiliz&aacute;-lo de forma adequada."
5;4;6;"Qual a tradu&ccedil;&atilde;o das conjun&ccedil;&otilde;es 'although', 'though' e 'even though', que aparecem na primeira linha do primeiro, terceiro e quinto par&aacute;grafos, respectivamente?";"although - entretanto<br/>though - por&eacute;m, no entanto<br/>even though - muito embora"
6;1;1;"A hip&oacute;tese testada por Rogers vai contra uma no&ccedil;&atilde;o bastante difundida sobre os efeitos da cafe&iacute;na na mente humana. Que no&ccedil;&atilde;o &eacute; essa?";"A no&ccedil;&atilde;o de que a cafe&iacute;na melhora a concentra&ccedil;&atilde;o mental."
6;1;2;"Segundo Rogers, que efeito tem uma dose de cafe&iacute;na logo de manh&atilde; para as pessoas que est&atilde;o habituadas a ingeri-la?";"A cafe&iacute;na n&atilde;o as torna mais alertas: seu  efeito &eacute; apenas  evitar os sintomas da s&iacute;ndrome de abstin&ecirc;ncia e fazer com que a atividade mental volte ao normal."
6;1;3;"Descreva os passos do experimento conduzido por Rogers.";"Rogers dividiu os volunt&aacute;rios em dois grupos. Todos tomaram um ou dois copos de ch&aacute; ou caf&eacute; durante o dia, mas foram orientados a n&atilde;o consumirem essas bebidas durante a noite. De manh&atilde;, um dos grupos recebeu bebida com cafe&iacute;na e o outro, bebida descafeinada. O estudo observou a rea&ccedil;&atilde;o de cada um dos grupos."
6;1;4;"Qual o resultado obtido pelo estudo de Rogers?";"Apenas os volunt&aacute;rios que ingeriram bebidas com cafe&iacute;na sentiram-se mais aliviados. Os demais ressentiram-se da aus&ecirc;ncia da cafe&iacute;na."
6;1;5;"O final do artigo apresenta as conclus&otilde;es de Rogers e de Griffiths sobre o assunto. Apresenta tamb&eacute;m a conclus&atilde;o de estudos feitos anteriormente. Qual ou quais delas s&atilde;o apresentadas como certeza e qual ou quais s&atilde;o possibilidades plaus&iacute;veis?";"Certeza - a conclus&atilde;o de Griffith: .&Eacute; claro que a cafe&iacute;na realmente produz depend&ecirc;ncia quando usada cronicamente.<br/><br/>Possibilidades plaus&iacute;veis - a conclus&atilde;o de Rogers:  o experimento pode explicar por que as pessoas precisam da dose matutina, estudos feitos anteriormente sugerem que a press&atilde;o social e o exemplo dos pais podem motivar o in&iacute;cio do h&aacute;bito."
6;2;1;"No 1&ordm; Par&aacute;grafo s&atilde;o apresentados dois benef&iacute;cios do alho. Indique:<br />a) Quais s&atilde;o esses benef&iacute;cios?<br />b)Qual deles &eacute; apresentado como possibilidade?";"a) O alho repele vampiros e o alho pode combater bact&eacute;rias resistentes a antibi&oacute;ticos.<br/><br/>b) A declara&ccedil;&atilde;o de m&eacute;dicos americanos de que o alho pode vir a combater bact&eacute;rias resistentes a antibi&oacute;ticos &eacute; apresentada como uma possibilidade (&lsquo;it may fight off...&rsquo;)."
6;2;2;"Qual a efic&aacute;cia do extrato de alho contra bact&eacute;rias, mesmo quando dilu&iacute;do?";"O extrato, mesmo dilu&iacute;do, provou ser eficaz contra todas as bact&eacute;rias, inclusive as bact&eacute;rias resistentes a antibi&oacute;ticos."
6;2;3;"Qual &eacute; a explica&ccedil;&atilde;o dada, no 4&ordm; par&aacute;grafo, para a efic&aacute;cia da planta ? Qual o grau de certeza do autor em rela&ccedil;&atilde;o a essa explica&ccedil;&atilde;o?";"Klein acredita que a efic&aacute;cia da planta talvez se deva &agrave; subst&acirc;ncia <i>allicin</i>.  O autor mostra incerteza em rela&ccedil;&atilde;o a essa informa&ccedil;&atilde;o. As palavras <i>believes</i> e  <i>probably</i> marcam essa incerteza."
6;2;4;"Qual a perspectiva futura em rela&ccedil;&atilde;o &agrave; utiliza&ccedil;&atilde;o do alho como rem&eacute;dio?";"A resist&ecirc;ncia crescente das bact&eacute;rias aos antibi&oacute;ticos comercializados far&aacute; com que o alho deixe de ser um  rem&eacute;dio caseiro."
6;2;5;"Em que a posi&ccedil;&atilde;o de Klein difere daquela amostrada pelos testes de laborat&oacute;rio?";"Os resultados dos testes de laborat&oacute;rio se mostraram otimistas enquanto que Klein &eacute; mais cauteloso j&aacute; que n&atilde;o se sabe quanto de 'allicin' ingerido atinge o local infeccionado e nem tampouco se essa subst&acirc;ncia age como antibi&oacute;tico ao atingir o local."
6;2;6;"Por que no t&iacute;tulo do texto o autor optou pela palavra 'undead' bacteria e n&atilde;o simplesmente 'live' bacteria?";"Porque o texto discute o problema de bact&eacute;rias resistentes, que sobrevivem aos rem&eacute;dios comerciais em uso."
6;3;1;"Qual &eacute; a cren&ccedil;a de senso comum em rela&ccedil;&atilde;o a prefer&ecirc;ncia dos pais sobre o sexo dos filhos?";"A cren&ccedil;a de que casais de comunidades rurais de pa&iacute;ses menos desenvolvidos preferem filhos do sexo masculino enquanto casais de pa&iacute;ses mais desenvolvidos desejam, aproximadamente, n&uacute;meros iguais de filhos e filhas."
6;3;2;"O que o estudo desenvolvido por Vijaya Krishan revelou sobre essa cren&ccedil;a?";"O estudo de Krishan revelou que essa cren&ccedil;a n&atilde;o &eacute; correta em pelo menos um pa&iacute;s desenvolvido -  no Canad&aacute; onde tamb&eacute;m existe prefer&ecirc;ncia por filhos do sexo masculino."
6;3;3;"Quais as evid&ecirc;ncias emp&iacute;ricas apresentadas pelo pesquisador para apoiar suas conclus&otilde;es?";"Considerando um universo de 5315 mulheres, o pesquisador constata que: as mulheres que t&ecirc;m dois filhos do sexo masculino tendem a usar mais m&eacute;todos de controle de natalidade do que as mulheres que t&ecirc;m duas filhas, mas n&atilde;o tem filhos hmens e que mais da metade das mulheres que usam m&eacute;todos de controle de natalidade opta pela esteriliza&ccedil;&atilde;o, o que indica que essas mulheres j&aacute; t&ecirc;m o n&uacute;mero de filhos desejados, que s&atilde;o, provavelmente, do sexo masculino."
6;3;4;"Krisham acredita que a prefer&ecirc;ncia por filhos de sexo masculino &eacute; inerente ao ser humano. O que o levou a tal conclus&atilde;o?";"O fato de ele ter constatado que, mesmo em pa&iacute;ses mais desenvolvidos, h&aacute; uma prefer&ecirc;ncia pelo sexo masculino."
6;3;5;"Qual a conclus&atilde;o do pesquisador e qual a previs&atilde;o social que ele faz a partir dela?";"O pesquisador acredita que se as t&eacute;cnicas de previs&atilde;o do sexo dos fetos se tornarem mais dispon&iacute;veis, essa prefer&ecirc;ncia por filhos do sexo masculino pode gerar um desequil&iacute;brio entre os sexos."
6;3;6;"O texto apresenta as considera&ccedil;&otilde;es finais desse estudo como conclusivas? Justifique sua resposta.";"N&atilde;o. Os resultados s&atilde;o apresentados como possibilidades e tend&ecirc;ncias e n&atilde;o como uma previs&atilde;o definitiva para o futuro."