1;1;"le";1;"Para executar a <a width='300' trans='Antes de ler o texto, observe a ilustra&ccedil&atilde;o apresentada. Sobre o que voc&ecirc; acha que vai tratar este texto? Quest&atilde;o 1. Que tipo de expectativa de conte&uacute;do voc&ecirc; criou a partir da ilustra&ccedil&atilde;o?' href='#'>atividade de pr&eacute;-leitura</a> voc&ecirc; teve que recorrer ao seu conhecimento pr&eacute;vio de mundo para criar hip&oacute;teses sobre o tema do texto. Essas expectativas de conte&uacute;do podem facilitar a sua leitura. Nos textos de populariza&ccedil;&atilde;o cient&iacute;fica (New Scientist, Super Interessante) essas expectativas podem ser criadas a partir da ilustra&ccedil;&atilde;o. Em textos acad&ecirc;micos, elas podem ser desencadeadas a partir da leitura do t&iacute;tulo, <i> abstract </i> ou da introdu&ccedil;&atilde;o do trabalho."
1;1;"li";1;"Para responder &agrave; <a width='300' trans='Quest&atilde;o 6. Considerando o &uacute;ltimo par&aacute;grafo do texto, indique o que o autor est&aacute; apresentando como: a) fatos; b) possibilidades.' href='#'>quest&atilde;o 6</a> voc&ecirc; deve ter percebido que as informa&ccedil;&otilde;es apresentadas foram introduzidas por tempos verbais diferentes. O tempo presente introduziu os fatos e o tempo futuro, as possibilidades futuras apresentadas pelo projeto."
1;2;"le";1;"Na <a href='#' width='300' trans='1. As hip&oacute;teses sobre o conte&uacute;do que voc&ecirc; levantou antes de ler o texto foram confirmadas? Se n&atilde;o foram, tente refletir em qu&ecirc; e por qu&ecirc; as informa&ccedil;&otilde;es veiculadas pelo texto diferiram das suas expectativas iniciais.'>quest&atilde;o 1</a> voc&ecirc; refletiu sobre as hip&oacute;teses que voc&ecirc; levantou antes de come&ccedil;ar a ler o texto. Essas hip&oacute;teses foram de duas naturezas: g&ecirc;nero do texto e tema do texto. E poss&iacute;vel ter expectativas de conte&uacute;do a partir do g&ecirc;nero. Voc&ecirc; sabe como uma biografia se estrutura tendo como base outras biografias que voc&ecirc; j&aacute; leu, que t&ecirc;m um padr&atilde;o parecido. As expectativas tanto de g&ecirc;nero quanto de tema s&atilde;o importantes na leitura em l&iacute;ngua estrangeira, pois elas podem ajud&aacute;-lo a deduzir a informa&ccedil;&atilde;o veiculada pelo texto e, assim, superar as dificuldades geradas pelo seu desconhecimento do vocabul&aacute;rio e da estrutura do ingl&ecirc;s."
1;2;"le";2;"A <a href='#' width='300' trans='4. Por que o casamento de Freud com Martha Bernay foi um empecilho para que ele se tornasse um pesquisador desde o in&iacute;cio de sua carreira?'>quest&atilde;o 4</a> foi elaborada para chamar sua aten&ccedil;&atilde;o para o fato de que, muitas vezes, a compreens&atilde;o de um texto implica a recupera&ccedil;&atilde;o de informa&ccedil;&atilde;o que aparece apenas subentendida. Conforme explicitado na resposta desta quest&atilde;o, &eacute; poss&iacute;vel, pela estrutura da senten&ccedil;a (linhas 15-17), perceber que existe uma rela&ccedil;&atilde;o entre 'financial means' e 'married Martha Bernay'. A raz&atilde;o dessa rela&ccedil;&atilde;o n&atilde;o est&aacute; dita no texto e voc&ecirc; tem que recuper&aacute;-la de seu conhecimento pr&eacute;vio de mundo. Uma possibilidade seria: no in&iacute;cio do s&eacute;culo cabia ao homem a responsabilidade financeira pela fam&iacute;lia. A recupera&ccedil;&atilde;o da informa&ccedil;&atilde;o subentendida &eacute; essencial para a compreens&atilde;o do texto em detalhes."
1;2;"li";1;"A <a href='#' width='300' trans='3. Quais as etapas que levaram ao desenvolvimento da psican&aacute;lise e por que ela n&atilde;o foi inicialmente bem recebida?'>quest&atilde;o 3</a> foi elaborada para chamar sua aten&ccedil;&atilde;o para uma caracter&iacute;stica desse texto como um todo que &eacute; especialmente relevante nesse par&aacute;grafo: o n&uacute;mero elevado de palavras de origem latina (cognatas), que facilitam a leitura por serem transparentes para falantes de portugu&ecirc;s. Essas palavras tendem a ser mais freq&uuml;entes em textos acad&ecirc;micos. Exemplos de cognatos: symptoms, hysteria, events, psychoanalysis, association, etc..."
1;2;"li";2;"Na <a href='#' width='300' trans='6. Na linha 31 o texto fala de uma substitui&ccedil;&atilde;o. Que substitui&ccedil;&atilde;o &eacute; essa?'>pergunta 6</a> nosso objetivo foi chamar sua aten&ccedil;&atilde;o para o fato de que a tradu&ccedil;&atilde;o mais literal da preposi&ccedil;&atilde;o 'with' (com) n&atilde;o funciona neste contexto. Note que nem sempre a preposi&ccedil;&atilde;o exigida pelos verbos em portugu&ecirc;s s&atilde;o as mesmas do ingl&ecirc;s. Para determinar que preposi&ccedil;&atilde;o cabe no contexto, voc&ecirc; precisa levar em considera&ccedil;&atilde;o tamb&eacute;m o sentido do texto. S&oacute; com base no sentido do texto voc&ecirc; &eacute; capaz de perceber que o sentido da senten&ccedil;a 'This substitution of free association for hipnotism' &eacute; 'Essa associa&ccedil;&atilde;o livre ficou no lugar da hipnose' e n&atilde;o vice versa."
1;3;"le";1;"Na <a href='#' width='400' trans='1. As hip&oacute;teses sobre conte&uacute;do que voc&ecirc; levantou foram confirmadas? Reflita sobre o tipo de pistas que voc&ecirc; utilizou para formular essas hip&oacute;teses na pr&eacute;-leitura'>quest&atilde;o 1</a> voc&ecirc; refletiu sobre as pistas que o levaram a, intuitivamente, levantar hip&oacute;teses sobre o texto e foi chamada a sua aten&ccedil;&atilde;o para o t&iacute;tulo do mesmo. T&iacute;tulos s&atilde;o apresentados de forma sint&eacute;tica e, por esta raz&atilde;o, a sua compreens&atilde;o depende, fundamentalmente, de conhecimentos pr&eacute;vios, tanto ling&uuml;&iacute;stico quanto de mundo. Por exemplo: voc&ecirc; precisa saber que 'tomb' significa 't&uacute;mulo' (conhecimento ling&uuml;&iacute;stico) e que Nefertari foi uma rainha eg&iacute;pcia (conhecimento de mundo) para levantar hip&oacute;teses mais acertadas sobre o assunto do texto. Quando o t&iacute;tulo n&atilde;o fica claro para o leitor, algumas vezes a leitura do(s) par&aacute;grafo(s) iniciais pode oferecer pistas para construir hip&oacute;teses sobre o conte&uacute;do do texto. Essas hip&oacute;teses, como j&aacute; foi visto, podem nortear e facilitar a leitura em l&iacute;ngua estrangeira."
1;3;"le";2;"Para responder &agrave;s quest&otilde;es <a href='#' width='400' trans='2. Por que o t&uacute;mulo de Nefertari n&atilde;o foi aberto para visita&ccedil;&atilde;o ap&oacute;s a restaura&ccedil;&atilde;o?'>2</a>, <a href='#' width='400' trans='3. Quais os dados apresentados pelo autor para fundamentar a poss&iacute;vel gravidade do problema central apontado no texto?'>3</a> e <a href='#' width='400' trans='4. Quais as possibilidades de solu&ccedil;&atilde;o para evitar que a visita&ccedil;&atilde;o ao t&uacute;mulo deteriore as pinturas?'>4</a>, voc&ecirc; precisou enfocar as diferentes partes que constituem a estrutura geral deste texto: apresenta&ccedil;&atilde;o do problema (par&aacute;grafo 1), descri&ccedil;&atilde;o do problema (par&aacute;grafos 2 e 3) e solu&ccedil;&atilde;o prevista para o problema (par&aacute;grafo 4). Os textos, principalmente os acad&ecirc;micos, tendem a organizar a informa&ccedil;&atilde;o e veicul&aacute;-la em &ldquo;blocos&rdquo; (no caso, os par&aacute;grafos) com fun&ccedil;&otilde;es espec&iacute;ficas. Ter consci&ecirc;ncia sobre a estrutura&ccedil;&atilde;o global do texto pode auxili&aacute;-lo a monitorar sua compreens&atilde;o. "
1;3;"li";1;"As quest&otilde;es <a href='#' width='400' trans='5. Leia o texto novamente e traduza os verbos abaixo:<br/>have been restored<br/>was buried<br/>was discovered<br/>has been installed<br/>was done'> 5 </a> e <a href='#' width='400' trans='6. Voc&ecirc; encontra abaixo duas formas verbais distintas. A tradu&ccedil;&atilde;o de ambas para o portugu&ecirc;s &eacute; feita, na maioria das vezes, no pret&eacute;rio perfeito do indicativo. Por que voc&ecirc; acha que h&aacute; dois tempos verbais diferentes para expressar o pret&eacute;rito perfeito do indicativo do portugu&ecirc;s?'>6</a> visaram a chamar sua aten&ccedil;&atilde;o para um tempo verbal - <em>present perfect</em> - que n&atilde;o tem correspondente em portugu&ecirc;s e que pode ser traduzido no presente simples, no presente perfeito ou no pret&eacute;rito perfeito.&eacute; importante voc&ecirc; perceber que nos exemplos apresentados a tradu&ccedil;&atilde;o literal dessa forma verbal (ter + verbo no partic&iacute;pio passado), comumente feita por falantes de portugu&ecirc;s, n&atilde;o faria sentido.<br/>Exemplo: no primeiro par&aacute;grafo do texto a ora&ccedil;&atilde;o &ldquo;AFTER SIX YEARS&#8242; WORK THE WALL PAINTINGS IN ONE OF EGYPT&#8242;S MOST BEAUTIFULLY DECORATED TOMBS <em>HAVE BEEN RESTORED</em> TO THEIR FORMER GLORY&rdquo;, o verbo n&atilde;o pode ser traduzido por &ldquo;<em>t&ecirc;m sido restauradas</em> a sua gl&oacute;ria anterior..&rdquo;, pois n&atilde;o faria sentido no contexto, j&aacute; que &eacute; uma a&ccedil;&atilde;o j&aacute; conclu&iacute;da e n&atilde;o em processo.<br/><br/>A <a href="#broken" width='400' trans='6. Voc&ecirc; encontra abaixo duas formas verbais distintas. A tradu&ccedil;&atilde;o de ambas para o portugu&ecirc;s &eacute; feita, na maioria das vezes, no pret&eacute;rio perfeito do indicativo. Por que voc&ecirc; acha que h&aacute; dois tempos verbais diferentes para expressar o pret&eacute;rito perfeito do indicativo do portugu&ecirc;s?'>quest&atilde;o 6</a> chamou sua aten&ccedil;&atilde;o para a fun&ccedil;&atilde;o do <em>present perfect</em> no texto lido. Os tempos verbais, em geral, cumprem fun&ccedil;&otilde;es bastante espec&iacute;ficas na constru&ccedil;&atilde;o da informa&ccedil;&atilde;o textual. Estar alerta para estas fun&ccedil;&otilde;es pode ajud&aacute;-lo a compreender o texto de uma forma mais precisa.<br/><br/><br/> Por exemplo:<br/><br/>a-) 'After six years´ work <em>the wall paintings</em> in one of Egypt´s most beautifully decorated tombs <em>have been restored</em> to their former glory.'<br/><strong>tradu&ccedil;&atilde;o:</strong> <em>as pinturas foram restauradas</em> ...<br/>Isto &eacute; relevante para o momento presente, pois as pinturas est&atilde;o restauradas atualmente para ser admiradas e preservadas.<br/><br/>b-) '<em>A solar-powered monitoring station has been installed</em> to record the daily variations in temperature and humidity.'<br/><strong>tradu&ccedil;&atilde;o:</strong> <em>Uma esta&ccedil;&atilde;o de monitoramento movida a energia solar foi instalada</em>...<br/>Isto &eacute; relevante para o momento presente, pois a esta&ccedil;&atilde;o est&aacute; instalada atualmente, registrando altera&ccedil;&atilde;o de umidade e temperatura.<br/><br/>c-) 'The tomb in which <em>Nefertari was buried</em> will be closed for at least another two years.'<br/><strong>tradu&ccedil;&atilde;o:</strong><em>Nefertari foi sepultada</em>...<br/>Isto &eacute; um fato considerado passado, ou seja, Nefertari foi sepultada em uma determinada &eacute;poca passada (3200 anos atr&aacute;s). Nesse exemplo, o passado simples foi usado para narrar eventos conclu&iacute;dos em uma determinada data passada. Neste texto, estes eventos atuam como pano-de-fundo para contextualizar a informa&ccedil;&atilde;o apresentada (verifique no texto outros exemplos):<br/><em>Was buried</em>, <em>was discovered</em> e <em>was done</em>. "
1;4;"le";1;"Na <a href='#' width='300' trans='Leia o t&iacute;tulo e levante hip&oacute;teses sobre diferentes possibilidades de resposta para a pergunta do t&iacute;tulo.'>atividade de pr&eacute;-leitura</a>, a instru&ccedil;&atilde;o indicou que voc&ecirc; deveria levantar mais de uma hip&oacute;tese sobre o tema. Se voc&ecirc; conseguiu executar essa tarefa, durante a leitura voc&ecirc; precisou verificar no texto qual das hip&oacute;teses era adequada. Nas situa&ccedil;&otilde;es cotidianas de leitura, o leitor, em geral, n&atilde;o constr&oacute;i hip&oacute;teses m&uacute;ltiplas sobre o tema como a tarefa o induziu a fazer. No entanto, mesmo que sua leitura seja orientada por apenas <strong>uma</strong> expectativa geral sobre o tema, voc&ecirc; precisa <strong>tamb&eacute;m</strong> verificar durante a leitura se tal expectativa est&aacute; correta, ou se o texto segue na dire&ccedil;&atilde;o geral esperada. &Eacute; importante estar alerta para este fato, j&aacute; que em l&iacute;ngua estrangeira as dificuldades lingu&iacute;sticas podem induzir a leituras mais superficiais do texto. Nesse tipo de leitura, &eacute; comum o leitor atribuir ao texto o sentido que ele <strong>espera</strong> e ignorar quando o texto contradiz suas expectativas pr&eacute;vias de conte&uacute;do, seguindo o moto: '<em>os trechos que eu n&atilde;o entendo eu pulo e ignoro</em>'."
1;4;"le";2;"Voc&ecirc; s&oacute; poderia responder &agrave; <a href='#' width='300' trans='2. No segundo par&aacute;grafo, ap&oacute;s afirmar que n&atilde;o sente a necessidade de novos programas, o autor faz duas afirma&ccedil;&otilde;es que visam a defender sua imagem frente ao leitor. Primeiro ele nega ser um troglodita e depois afirma que desliza na terceira onda (linhas 12/13). Qual a rela&ccedil;&atilde;o existente entre estas duas coloca&ccedil;&otilde;es?'>quest&atilde;o 2</a> se conhecesse previamente o conceito de &ldquo;Third Wave&rdquo;. S&oacute; a tradu&ccedil;&atilde;o do termo seria insuficiente para a compreens&atilde;o da coloca&ccedil;&atilde;o feita pelo autor. Na leitura de textos em ingl&ecirc;s, o leitor tende a, ingenuamente, atribuir todos os seus problemas de compreens&atilde;o ao seu desconhecimento da l&iacute;ngua. Essa tend&ecirc;ncia ocorre porque o problema da l&iacute;ngua &eacute; muito evidente para ele. Para melhor monitorar a sua compreens&atilde;o de textos em ingl&ecirc;s, &eacute; importante voc&ecirc; tamb&eacute;m estar alerta para o fato de que voc&ecirc; pode n&atilde;o entender um texto (ou partes do texto) por falta de informa&ccedil;&atilde;o pr&eacute;via sobre o assunto que est&aacute; sendo tratado. Neste caso, voc&ecirc; precisa procurar a informa&ccedil;&atilde;o que lhe falta fora do texto lido. "
1;4;"li";1;"A <a href='#' width='300' trans='5. A op&ccedil;&atilde;o por um ou outro tempo verbal nunca &eacute; feita de forma aleat&oacute;ria na constru&ccedil;&atilde;o de um texto. &nbsp;&nbsp;&nbsp;&nbsp;&nbsp;No segundo par&aacute;grafo, o autor usa tr&ecirc;s tempos verbais distintos:presente simples, presente cont&iacute;nuo e presente perfeito. &nbsp;&nbsp;&nbsp;&nbsp;&nbsp;Analise que diferen&ccedil;as existem entre as informa&ccedil;&otilde;es veiculadas neste par&aacute;grafo que justificam a escolha dos diferentes tempos verbais feita pelo autor.'>quest&atilde;o 5</a> buscou chamar a sua aten&ccedil;&atilde;o para o fato de que a escolha de um tempo verbal n&atilde;o se restringe a marcar uma delimita&ccedil;&atilde;o temporal da a&ccedil;&atilde;o (quando a a&ccedil;&atilde;o aconteceu). Na constru&ccedil;&atilde;o de um texto, estas escolhas s&atilde;o tamb&eacute;m funcionais. A id&eacute;ia de recorte temporal &eacute; usada para atribuir &agrave; a&ccedil;&atilde;o um estatuto espec&iacute;fico. Isto fica mais claro se voc&ecirc; prestar aten&ccedil;&atilde;o no modo como os autores de textos cient&iacute;ficos usam diferentes tempos verbais. Observe, por exemplo, que: a teoria tende a ser relatada em tempo presente (como um fato); os relatos de experimentos s&atilde;o apresentados em tempo passado (como uma a&ccedil;&atilde;o conclu&iacute;da); proje&ccedil;&otilde;es s&atilde;o apresentadas em tempo futuro (will + verbo) ou modalizadas no futuro do pret&eacute;rito (would/should + verbo); a conclus&atilde;o, em tempo presente (como um fato). Essas caracter&iacute;sticas do g&ecirc;nero cient&iacute;fico tornam a escolha do tempo verbal uma das pistas que podem auxili&aacute;-lo a construir o sentido do texto. Na apostila gramatical voc&ecirc; poder&aacute; encontrar um quadro mostrando, de forma gen&eacute;rica, fun&ccedil;&otilde;es recorrentes no uso dos tempos verbais. Como &eacute; uma generaliza&ccedil;&atilde;o, nem sempre as fun&ccedil;&otilde;es previstas v&atilde;o se aplicar a todo o tipo de g&ecirc;nero de texto que voc&ecirc; for ler em ingl&ecirc;s. Ou seja, cabe a voc&ecirc;, leitor, aprender a fazer os ajustes quando forem necess&aacute;rios."
1;5;"le";1;"A <a href='#' width='300' trans='O texto que voc&ecirc; vai ler discute o problema da pneumonia nas creches brasileiras. Considerando a camada social que procura essas creches, que hip&oacute;teses voc&ecirc; pode levantar sobre o tema que ser&aacute; desenvolvido no texto? 1. A atividade de pr&eacute;-leitura chamou sua aten&ccedil;&atilde;o sobre a a camada social que freq&uuml;enta as creches p&uacute;blicas. Em que medida tal expectativa &eacute; importante para a compreens&atilde;o do texto?'>atividade de pr&eacute;-leitura</a> explicitamente o induziu a criar expectativas sobre o conte&uacute;do do texto a partir de uma rela&ccedil;&atilde;o entre creches (que aparece no t&iacute;tulo do texto) e grupo social. Seu conhecimento pr&eacute;vio sobre creches possivelmente est&aacute; relacionado a um conjunto bastante amplo de informa&ccedil;&otilde;es, como por exemplo: algu&eacute;m que voc&ecirc; conhece que deixa os filhos em creches; que creche &eacute; um lugar que se deixam crian&ccedil;as; que as crian&ccedil;as que freq&uuml;entam creches est&atilde;o na faixa et&aacute;ria pre-escolar; a import&acirc;ncia da creche para m&atilde;es que trabalham; que as creches p&uacute;blicas brasileiras atendem exclusivamente &agrave; popula&ccedil;&atilde;o de baixa renda, etc. Como o t&iacute;tulo do texto indica que a discuss&atilde;o ser&aacute; sobre dissemina&ccedil;&atilde;o de uma doen&ccedil;a espec&iacute;fica, apenas parte do seu conhecimento pr&eacute;vio sobre creches ser&aacute; &uacute;til para a formula&ccedil;&atilde;o de hip&oacute;teses sobre o assunto do texto. A formula&ccedil;&atilde;o da tarefa de pr&eacute;-leitura buscou chamar sua aten&ccedil;&atilde;o para esse fato. Ou seja, para que o seu conhecimento pr&eacute;vio oriente a sua leitura e o ajude a compensar poss&iacute;veis problemas ling&uuml;&iacute;sticos, voc&ecirc; precisa saber discriminar que tipo de informa&ccedil;&atilde;o &eacute; relevante ao contexto. No exemplo em quest&atilde;o, esse contexto &eacute; a dissemina&ccedil;&atilde;o da pneumonia."
1;5;"le";2;"A <a href='#' width='300' trans='2. O texto relata uma pesquisa sobre pneumonia. a) Quem s&atilde;o os pesquisadores que comp&otilde;em o grupo desta pesquisa? b) Qual a popula&ccedil;&atilde;o selecionada para este estudo?'>quest&atilde;o 2</a> do texto pediu para voc&ecirc; localizar no texto duas informa&ccedil;&otilde;es: os pesquisadores respons&aacute;veis pelo estudo relatado e a popula&ccedil;&atilde;o estudada. A pergunta 4 solicitou que voc&ecirc; indicasse os resultados do estudo. Estes tipos de informa&ccedil;&atilde;o s&atilde;o previs&iacute;veis em textos cient&iacute;ficos. Ou seja, em textos de natureza acad&ecirc;mica, sempre que se relata um estudo &eacute; necess&aacute;rio que se indique quem o conduziu, a natureza da popula&ccedil;&atilde;o ou material pesquisado e os resultados obtidos. &Eacute; interessante observar que os tipos de textos que voc&ecirc; l&ecirc; tendem a ter um padr&atilde;o recorrente. Ou seja, alguns tipos de informa&ccedil;&atilde;o s&atilde;o previs&iacute;veis em certos g&ecirc;neros de textos. Essas expectativas de g&ecirc;nero podem tamb&eacute;m orientar e facilitar sua leitura de textos em ingl&ecirc;s."
1;5;"li";1;"Para responder &agrave; <a href='#' width='300' trans='2. O texto relata uma pesquisa sobre pneumonia. a) Quem s&atilde;o os pesquisadores que comp&otilde;em o grupo desta pesquisa? b) Qual a popula&ccedil;&atilde;o selecionada para este estudo?'>quest&atilde;o 2</a>, voc&ecirc; precisou prestar aten&ccedil;&atilde;o em uma estrutura de senten&ccedil;a complexa onde o verbo da ora&ccedil;&atilde;o est&aacute; distante do sujeito. O autor come&ccedil;a o per&iacute;odo falando na equipe de pesquisa ( the team ), inclui uma ora&ccedil;&atilde;o relativa que especifica quem s&atilde;o os pesquisadores que comp&otilde;em essa equipe e s&oacute; depois &eacute; que continua a ora&ccedil;&atilde;o. Na leitura em l&iacute;ngua estrangeira, esse tipo de estrutura intercalada pode, &agrave;s vezes, causar problema de compreens&atilde;o. At&eacute; o reconhecimento da l&iacute;ngua ser autom&aacute;tico, a leitura em ingl&ecirc;s tende a ser mais lenta, e por raz&otilde;es de mem&oacute;ria, o leitor pode perder o sentido geral do per&iacute;odo quando h&aacute; outras ora&ccedil;&otilde;es intercaladas. Nesses casos, para facilitar a compreens&atilde;o, voc&ecirc; precisa saber como segmentar o per&iacute;odo: localizar primeiro qual &eacute; a ora&ccedil;&atilde;o principal e, uma vez entendida essa ora&ccedil;&atilde;o, voltar e entender o sentido das intercaladas. Estar alerta para o uso de pronomes relativos ( como which, who, that) ou o uso de sinais gr&aacute;ficos (como v&iacute;rgula e par&ecirc;nteses) pode auxili&aacute;-lo a identificar e segmentar o tipo de estrutura complexa &agrave; qual nos referimos."
2;1;"le";1;"Para responder &agrave; <a href='#' width='300' trans='2. O texto afirma que as mulheres desenvolveram um impulso maior para acompanhar o crescimento dos filhos. Qual &eacute; a justificativa apresentada do ponto de vista cultural?'>quest&atilde;o 2</a> voc&ecirc; precisou compreender uma s&eacute;rie de quest&otilde;es ling&uuml;&iacute;sticas que aparecem, principalmente, no segundo par&aacute;grafo:<br />a) compara&ccedil;&otilde;es expressas por adjetivos acrescidos de sufixos (tema deste m&oacute;dulo), tais como: <em>(much) small<strong>er</strong>, (much) great<strong>er</strong></em><br />b) marcadores que estabelecem compara&ccedil;&otilde;es ligando id&eacute;ias opostas (que ser&atilde;o discutidos no m&oacute;dulo 5): <em>rather than, unlike</em><br />c) marcador que introduz conclus&otilde;es/resultados dessas compara&ccedil;&otilde;es: <em>therefore</em><br /><br />A percep&ccedil;&atilde;o dessas quest&otilde;es ling&uuml;&iacute;sticas poderia ser facilitada se, ao ler o segundo par&aacute;grafo, voc&ecirc; levasse em conta a oposi&ccedil;&atilde;o j&aacute; estabelecida no primeiro par&aacute;grafo do texto. Lembre-se: <strong>expectativas de conte&uacute;do podem ajudar a compensar problemas de l&iacute;ngua no texto</strong>."
2;1;"li";1;"A resposta da <a href='#' width='300' trans='4. Para garantir a quantidade de filhos no processo de evolu&ccedil&atilde;o, qual a estrat&eacute;gia que tem sido adotada pelos homens para atrair parceiras?'>quest&atilde;o 4</a> exigiu que voc&ecirc; prestasse aten&ccedil;&atilde;o nas duas possibilidades de constru&ccedil;&atilde;o de superlativos em ingl&ecirc;s: atrav&eacute;s do acr&eacute;scimo do sufixo <strong>-est</strong> a adjetivos curtos (<em>strong<strong>est</strong> e smart<strong>est</strong></em>) e atrav&eacute;s da inser&ccedil;&atilde;o da palavra <em><most</em> (o mais) antes de adjetivos mais longos.<br />&Eacute; interessante voc&ecirc; ter em mente que as constru&ccedil;&otilde;es comparativas tamb&eacute;m s&atilde;o semelhantes: <strong>-er</strong> (<em>strong<strong>er</strong></em>) e atrav&eacute;s da palavra <strong>more</strong> (<em><strong>more</strong> expendable</em>)."
2;1;"li";2;"Para responder &agrave; <a href='#' width='300' trans='5. Segundo o texto, a competi&ccedil&atilde;o das mulheres por parceiros sexuais existe, mas difere das estrat&eacute;gias masculinas. Como se d&aacute; essa estrat&eacute;gia?'>quest&atilde;o 5</a>, um termo chave &eacute; a palavra <em><strong>dis</strong>crediting</em>, que &eacute; formada usando um prefixo de nega&ccedil;&atilde;o (<strong>dis-</strong>). Levar em conta a constru&ccedil;&atilde;o das palavras pode ser uma estrat&eacute;gia &uacute;til para voc&ecirc; reconhecer o sentido delas, uma vez que &eacute; poss&iacute;vel voc&ecirc; conhecer a raiz da palavra (como <em>crediting</em>), mas n&atilde;o identific&aacute;-la quando acompanhada de sufixos e prefixos."
2;2;"le";1;"As quest&otilde;es <a href='#' width='300' trans='4. Quais as duas causas que explicariam o decr&eacute;scimo populacional brasileiro?'>4</a>, <a href='#' width='300' trans='5. Como as novelas influem no decr&eacute;scimo da taxa de aumento populacional no Brasil?'>5</a> e <a href='#' width='300' trans='6. Qual &eacute; a explica&ccedil&atilde;o que o texto oferece para a rela&ccedil&atilde;o estabelecida entre o sistema de cr&eacute;dito introduzido no Brasil na d&eacute;cada de 70 e o decl&iacute;nio do crescimento populacional brasileiro?'>6</a> enfocam as causas a que se atribui a redu&ccedil;&atilde;o da natalidade. Estas perguntas visam a chamar sua aten&ccedil;&atilde;o para a possibilidade de construir expectativas sobre o desenvolvimento textual. Se o texto marca que existem duas causas e passa a descrever uma delas, &eacute; de se esperar que na seq&uuml;&ecirc;ncia o autor tamb&eacute;m v&aacute; discutir a outra causa. Essas passagens de uma quest&atilde;o para outra tendem a ser ling&uuml;isticamente salientadas. No caso apresentado como exemplo, o autor marca essa passagem indicando que os programas de cr&eacute;dito s&atilde;o 'another cause'. Prestar aten&ccedil;&atilde;o a esse tipo de organiza&ccedil;&atilde;o recorrente pode auxili&aacute;-lo a melhor monitorar sua compreens&atilde;o durante a leitura."
2;2;"li";1;"A <a href='#' width='300' trans='Leia o texto e busque inferir o sentido de &lsquo;soap&rsquo; que aparece no texto. 1. Ap&oacute;s a leitura do texto, qual o sentido que voc&ecirc; atribuiu &agrave; palavra &lsquo;soap&rsquo; e quais as pistas que o texto ofereceu para voc&ecirc; chegar a esse sentido?'>atividade de pr&eacute;-leitura</a> solicitou que voc&ecirc; deduzisse o sentido pouco usual da palavra 'soap', que talvez voc&ecirc; j&aacute; conhecesse com o sentido de 'sab&atilde;o/sabonete'. Como o texto faz refer&ecirc;ncia expl&iacute;cita &agrave; programa&ccedil;&atilde;o da rede Globo, &eacute; poss&iacute;vel chegar ao sentido desta palavra por pista contextual ou pela pista lexical 'opera'. Fazer uso das informa&ccedil;&otilde;es oferecidas pelo contexto imediato onde aparece a palavra pode ser uma maneira bastante eficiente de deduzir o sentido de palavras desconhecidas e tamb&eacute;m de aprender vocabul&aacute;rio novo durante a leitura."
2;3;"le";1;"A <a href='#' width='300' trans='6. Como a posi&ccedil;&atilde;o defendida por Sagally &eacute; apresentada nos par&aacute;grafos do texto? Fa&ccedil;a um esquema da organiza&ccedil;&atilde;o do texto.'>quest&atilde;o 6</a> chamou sua aten&ccedil;&atilde;o para o encadeamento l&oacute;gico que existe entre os diferentes par&aacute;grafos que constituem o texto. Estar alerta para este encadeamento &eacute; uma outra estrat&eacute;gia que pode ser &uacute;til para criar expectativas de sentido que podem auxili&aacute;-lo a melhor monitorar a sua compreens&atilde;o do texto e tamb&eacute;m a contornar algumas dificuldades ling&uuml;&iacute;sticas que possam aparecer durante a leitura."
2;3;"li";1;"As quest&otilde;es <a href='#' width='300' trans='1. O t&iacute;tulo - The importance of being useless - &eacute; ir&ocirc;nico. O que caracteriza a ironia nesse caso?'>1</a> e <a href='#' width='300' trans='2. Por que as palavras &lsquo;useful&rsquo; e &lsquo;usefulness&rsquo; aparecem entre aspas neste texto?'>2</a> chamaram sua aten&ccedil;&atilde;o para o t&iacute;tulo do texto e o uso de aspas em 'useful'. Para respond&ecirc;-las voc&ecirc; precisou focalizar tr&ecirc;s palavras que t&ecirc;m a mesma raiz, '<em>use</em>', de significado semelhante ao portugu&ecirc;s. Duas delas fazem uso dos afixos '<em>-less</em>' e '<em>-ful</em>', que n&atilde;o t&ecirc;m correspondente na l&iacute;ngua portuguesa. Identificar afixos pode ser uma forma eficiente para destacar a raiz das palavras, que muitas vezes s&atilde;o conhecidas.<br /><br />Ex.<br />use = uso<br />useless = sem uso (in&uacute;til)<br />useful = que tem uso (&uacute;til)<br />usefulness = condi&ccedil;&atilde;o de ser &uacute;til, utilidade."
2;4;"le";1;"Sem o conhecimento pr&eacute;vio de mundo sobre 'Scrooge', voc&ecirc; n&atilde;o teria condi&ccedil;&otilde;es de usar o t&iacute;tulo deste texto para levantar hip&oacute;teses sobre seu tema, como foi feito em v&aacute;rias atividades de pr&eacute;-leitura do m&oacute;dulo anterior. Note que h&aacute; t&iacute;tulos que s&atilde;o 'opacos' para o leitor, por falta de conhecimento pr&eacute;vio. O leitor brasileiro, ao contr&aacute;rio do p&uacute;blico anglo-americano, n&atilde;o est&aacute; familiarizado com a obra de Dickens e conhece o personagem de Disney por um outro nome &#8212; Patinhas."
2;4;"le";2;"Para responder a <a href='#' width='300' trans='2. O que vem a ser alopecia?'>quest&atilde;o 2</a> voc&ecirc; provavelmente deve ter notado que a explicita&ccedil;&atilde;o da palavra alopecia vem logo ap&oacute;s a v&iacute;rgula. O leitor em l&iacute;ngua estrangeira tende a interromper sua leitura quando encontra uma palavra desconhecida. Essa interrup&ccedil;&atilde;o, muitas vezes, &eacute; desnecess&aacute;ria, pois a continua&ccedil;&atilde;o da leitura pode esclarecer d&uacute;vidas de vocabul&aacute;rio. Sinais de pontua&ccedil;&atilde;o (v&iacute;rgula, travess&atilde;o, par&ecirc;nteses) s&atilde;o usados para marcar quando o autor vai oferecer informa&ccedil;&otilde;es adicionais sobre palavras ou conceitos utilizados anteriormente no texto. Estar atento ao uso dessas marcas gr&aacute;ficas pode ser uma pista &uacute;til na leitura em l&iacute;ngua estrangeira. "
2;4;"li";1;"Para responder &agrave; <a href='#' width='300' trans='6. A hist&oacute;ria apresentada no texto mostra um per&iacute;odo de reflex&atilde;o na vida de Rockfeller. Indique quais das palavras abaixo descrevem o momento antes e quais descrevem o momento depois deste per&iacute;odo: <br /><br />sleepless / lifeless / unselfishly<br /> hopeless / usefulness / malnutrition<br /> bitterness / healthful / malnourished<br /> grateful / helpless / skinny<br /> self-centeredness / enjoyable.'>quest&atilde;o 6</a>, &eacute; importante que voc&ecirc; use, al&eacute;m do contexto do texto, o seu conhecimento ling&uuml;&iacute;stico de reconhecimento de afixos - prefixos e sufixos. Voc&ecirc; deve ter notado que alguns afixos s&atilde;o iguais ou semelhantes aos do portugu&ecirc;s. Alguns, por&eacute;m, s&atilde;o diferentes e n&atilde;o t&ecirc;m uma forma correspondente na nossa l&iacute;ngua. Dentre os que n&atilde;o t&ecirc;m correspond&ecirc;ncia, h&aacute; uma grande recorr&ecirc;ncia dos sufixos que seguem:<br /><br />-less - sentido negativo, forma adjetivos (ex: careless)<br />-ful - sentido positivo, forma adjetivos (ex: careful)<br />-ness - expressa 'a condi&ccedil;&atilde;o de', 'o ato de' e forma substantivos (ex: carelessness)"
2;5;"le";1;"A <a href='#' width='300' trans='1. A argumenta&ccedil;&atilde;o do texto seguiu a dire&ccedil;&atilde;o que voc&ecirc; previu na atividade de pr&eacute;-leitura?'>atividade de pr&eacute;-leitura</a> chamou sua aten&ccedil;&atilde;o para a linha te&oacute;rica adotada pelo autor do texto e para o t&iacute;tulo do livro de onde o texto foi tirado. Na leitura de texto cient&iacute;fico, conhecer a linha te&oacute;rica privilegiada pelo autor ou pelo peri&oacute;dico acad&ecirc;mico onde o texto foi publicado pode ser uma pista &uacute;til para orientar sua leitura sobre o poss&iacute;vel conte&uacute;do do texto. Geralmente, esta orienta&ccedil;&atilde;o possibilita que se tenha uma expectativa sobre quais posi&ccedil;&otilde;es o autor vai defender e quais ir&aacute; contestar."
2;5;"le";2;"A atividade proposta na <a href='#' width='300' trans='6. Como o autor organiza sua argumenta&ccedil;&atilde;o no par&aacute;grafo final deste texto?'>quest&atilde;o 6</a> solicitou que voc&ecirc; prestasse aten&ccedil;&atilde;o no modo como o autor encadeou seus argumentos. Perceber como as informa&ccedil;&otilde;es se relacionam dentro do par&aacute;grafo pode ser uma estrat&eacute;gia &uacute;til para monitorar a sua compreens&atilde;o durante a leitura."
2;5;"li";1;"Para responder &agrave; <a href='#' width='300' trans='3. O boicote da comunidade batista coloca em quest&atilde;o a imagem tradicionalmente associada &agrave; corpora&ccedil;&atilde;o Disney. Que imagem &eacute; essa?'>quest&atilde;o 3</a> voc&ecirc; precisou enfocar o in&iacute;cio do segundo par&aacute;grafo que traz &iacute;tens lexicais formados por afixos (tema deste m&oacute;dulo).<br /><br />Ex.: Child<strong>hood</strong><br />Health<strong>y</strong><br />Entertain<strong>ment</strong>"
3;1;"le";1;"A <a href='#' width='300' trans='1. Qual o sentido de &lsquo;coffin(s)&rsquo;, que aparece no final do primeiro par&aacute;grafo e no final do segundo par&aacute;grafo? Qual o significado da palavra &lsquo;buried&rsquo;, que aparece no in&iacute;cio do segundo par&aacute;grafo?'>quest&atilde;o 1</a> solicitou que voc&ecirc; explicasse o significado em portugu&ecirc;s de duas palavras que poderiam ser desconhecidas e que s&atilde;o palavras-chave neste texto. Note que o texto oferece v&aacute;rias pistas que poderiam ser utilizadas para voc&ecirc; deduzir o sentido de 'coffin'. Por exemplo:<br /><br />- a ilustra&ccedil;&atilde;o do texto<br />- a informa&ccedil;&atilde;o que Sysocki &eacute; agente funer&aacute;rio (funeral director)<br />- a indica&ccedil;&atilde;o de que 'coffin' custa US$600<br /><br />Sabendo que o texto trata de 'caix&otilde;es', &eacute; poss&iacute;vel deduzir por este tema geral que o verbo 'bury' significa 'enterrar'. Ambas s&atilde;o exemplos de infer&ecirc;ncia ancorada no tema explorado pelo texto."
3;1;"li";1;"A <a href='#'  width='300' trans='3. Como o texto descreve os caix&otilde;es fabricados por Carlos Sysocki?'>quest&atilde;o 3</a> solicitou que voc&ecirc; apontasse as caracter&iacute;sticas que diferenciam os caix&otilde;es produzidos por Sysocki. Para responder a essa pergunta voc&ecirc; precisou enfocar uma parte do texto onde aparecem grupos nominais complexos (tema deste m&oacute;dulo). A l&iacute;ngua inglesa escrita tende a ser muito concisa e um dos recursos ling&uuml;&iacute;sticos mais comumente utilizados para promover essa concis&atilde;o s&atilde;o os grupos nominais, que constituem os sujeitos ou complementos dos verbos na ora&ccedil;&atilde;o. Esses grupos nominais &agrave;s vezes causam problemas para a compreens&atilde;o por diferentes raz&otilde;es, que ser&atilde;o examinadas ao longo deste m&oacute;dulo. No caso do grupo nominal abaixo, retirado do texto aqui focalizado, pode-se observar que as id&eacute;ias s&atilde;o expressas de forma mais sint&eacute;tica do que seriam no portugu&ecirc;s:<br /><br /><em><font color=red>His line of shiny designer $600 coffins.</font></em><br />Caix&otilde;es exclusivos que s&acirc;o brilhantes e custam $600.<br /><strong>(No portugu&ecirc;s, a tend&ecirc;ncia &eacute; optarmos por ora&ccedil;&otilde;es mais expandidas)</strong><br /><br />Esta mesma quest&atilde;o ling&uuml;&iacute;stica tamb&eacute;m pode ser ilustrada pela resposta &agrave; pergunta 2:<br /><em><font color=red>Obsessive Brazilian soccer followers.</font></em><br />Fan&aacute;ticos torcedores brasileiros de futebol.<br /><br />No entanto, a estrutura mais usual no portugu&ecirc;s seria a expandida e n&atilde;o a forma sint&eacute;tica:<br /><em><font color=red>Torcedores brasileiros de futebol que s&atilde;o fan&aacute;ticos.</font></em>"
3;2;"le";1;"Para responder &agrave; <a href='#' width='300' trans='2. Qual a vantagem do &lsquo;en viager&rsquo;?'>quest&atilde;o 2</a> voc&ecirc; precisou prestar aten&ccedil;&atilde;o &agrave; informa&ccedil;&atilde;o entre travess&otilde;es que explicita melhor as coloca&ccedil;&otilde;es feitas anteriormente nesta senten&ccedil;a. Esse tipo de explica&ccedil;&atilde;o &eacute; um recurso a que o autor recorre para facilitar a compreens&atilde;o do texto. Na leitura em l&iacute;ngua estrangeira, atentar para esse tipo de informa&ccedil;&atilde;o pode ser uma estrat&eacute;gia para monitorar problemas de compreens&atilde;o das demais partes constituintes da senten&ccedil;a. Note que no exemplo dado, a explicita&ccedil;&atilde;o adicional oferecida pelo autor, al&eacute;m dos travess&otilde;es, &eacute; introduzida tamb&eacute;m pela express&atilde;o &ldquo;<em>that is</em>&rdquo; (isto &eacute;). Outras express&otilde;es em ingl&ecirc;s que tamb&eacute;m cumprem essa fun&ccedil;&atilde;o seriam: &ldquo;<em>or</em>&rdquo; , &ldquo;<em>in other words</em>&rdquo;."
3;2;"le";2;"A <a href='#' width='300' trans='6. Como o autor organiza a informa&ccedil;&atilde;o veiculada por esse texto nos dois par&aacute;grafos que comp&otilde;em esta hist&oacute;ria?'>&uacute;ltima quest&atilde;o</a> do texto chamou sua aten&ccedil;&atilde;o para o fato dos par&aacute;grafos terem fun&ccedil;&otilde;es diferentes dentro do texto. Em textos acad&ecirc;micos, perceber como a informa&ccedil;&atilde;o est&aacute; distribu&iacute;da nos diferentes par&aacute;grafos pode facilitar a percep&ccedil;&atilde;o de como o autor est&aacute; segmentando e organizando as id&eacute;ias e os argumentos que constituem este texto."
3;2;"li";1;"Para responder &agrave; <a href='#' width='300' trans='3. Como Andr&eacute;-Fran&ccedil;ois Raffray avaliou o acordo (&lsquo;deal&rsquo;) que fez com Jeanne Calment 31 anos antes e como este acordo est&aacute; sendo avaliado agora?'>quest&atilde;o 3,</a> e &agrave; <a href='#' width='300' trans='5. Por que as expectativas originais de Raffray n&atilde;o se confirmaram e que tipo de preju&iacute;zos o seu acordo com Jeanne Calment trouxe para a sua fam&iacute;lia?'>quest&atilde;o 5</a> voc&ecirc; precisou focar sua aten&ccedil;&atilde;o em quatro grupos nominais em contexto de uso (foco ling&uuml;&iacute;stico deste m&oacute;dulo):<br /><br />- <em>once-in-a-lifetime deal</em><br />- <em>a rather unfortunate deal</em><br />- <em>the quite resilient elderly Calment</em><br />- <em>the world's oldest person</em>.<br /><br />Todos estes grupos nominais s&atilde;o exemplos de constru&ccedil;&otilde;es sint&eacute;ticas nas quais a ordem preferencial do ingl&ecirc;s difere da do portugu&ecirc;s - os modificadores antecedem o substantivo nuclear."
3;2;"li";2;"Para responder &agrave; <a href='#' width='300' trans='5. Por que as expectativas originais de Raffray n&atilde;o se confirmaram e que tipo de preju&iacute;zos o seu acordo com Jeanne Calment trouxe para a sua fam&iacute;lia?'>quest&atilde;o 5</a> voc&ecirc; precisou tamb&eacute;m entender um outro uso de <i>should</i>. Quando <i>should</i> &eacute; usado antes do sujeito, ele tem o sentido de &ldquo;se&rdquo;; introduzindo, assim, uma condi&ccedil;&atilde;o."
3;3;"le";1;"A <a href='#' width='300' trans='5. Considerando a progress&atilde;o tem&aacute;tica deste texto, o par&aacute;grafo inicial tem a fun&ccedil;&atilde;o de chamar a aten&ccedil;&atilde;o do leitor para um problema: a extin&ccedil;&atilde;o das esp&eacute;cies. Qual &eacute; a fun&ccedil;&atilde;o de cada um dos par&aacute;grafos que seguem?'>quest&atilde;o 5</a> pediu para voc&ecirc; analisar a progress&atilde;o tem&aacute;tica to texto. Perceber o ponto central da argumenta&ccedil;&atilde;o de um texto (a que conclus&otilde;es o texto chega) e estar alerta para o encadeamento dos argumentos que levam a essa conclus&atilde;o pode ser uma estrat&eacute;gia &uacute;til para monitorar a compreens&atilde;o da leitura. Essa estrat&eacute;gia pode ser particularmente &uacute;til no caso da leitura em l&iacute;ngua estrangeira, onde, al&eacute;m das quest&otilde;es de conte&uacute;do, o leitor tem tamb&eacute;m que contornar as dificuldades que encontra no n&iacute;vel ling&uuml;&iacute;stico."
3;3;"le";2;"A <a href='#' width='300' trans='3. Qual &eacute; a fun&ccedil;&atilde;o, no texto, da informa&ccedil;&atilde;o colocada entre travess&otilde;es no segundo par&aacute;grafo?'>quest&atilde;o 3</a> pediu para que voc&ecirc; especificasse a fun&ccedil;&atilde;o da informa&ccedil;&atilde;o que aparece entre travess&otilde;es. Na escrita, o uso do travess&atilde;o convencionalmente marca a fun&ccedil;&atilde;o de especifica&ccedil;&atilde;o, detalhamento de uma informa&ccedil;&atilde;o mais gen&eacute;rica. Na leitura de textos em l&iacute;ngua estrangeira, &agrave;s vezes, a falta de conhecimento lexical leva os leitores a se prenderem demasiadamente nessas informa&ccedil;&otilde;es adicionais (nem sempre essenciais) e a perderem o sentido mais gen&eacute;rico, que muitas vezes &eacute; mais relevante. Esse tipo de constru&ccedil;&atilde;o tamb&eacute;m faz com que o verbo fique estruturalmente distante do sujeito, dificultando a identifica&ccedil;&atilde;o do sentido da ora&ccedil;&atilde;o principal. Quando isso ocorre, &eacute; importante que o leitor busque, em primeiro lugar, localizar a ora&ccedil;&atilde;o principal, ligando o sujeito, o verbo e seus complementos. Tal procedimento pode facilitar bastante a compreens&atilde;o de estruturas dessa natureza."
3;3;"le";3;"A <a href='#' width='300' trans='5. Considerando a progress&atilde;o tem&aacute;tica deste texto, o par&aacute;grafo inicial tem a fun&ccedil;&atilde;o de chamar a aten&ccedil;&atilde;o do leitor para um problema: a extin&ccedil;&atilde;o das esp&eacute;cies. Qual &eacute; a fun&ccedil;&atilde;o de cada um dos par&aacute;grafos que seguem?'>quest&atilde;o 5</a> solicitou que voc&ecirc; identificasse a progress&atilde;o tem&aacute;tica do texto. Caso n&atilde;o tenha percebido, neste texto seria poss&iacute;vel tra&ccedil;ar tal percurso observando o sentido das senten&ccedil;as iniciais de cada par&aacute;grafo. Na reda&ccedil;&atilde;o de textos acad&ecirc;micos em ingl&ecirc;s, &eacute; comum a informa&ccedil;&atilde;o central do par&aacute;grafo ser apresentada na primeira senten&ccedil;a, denominada '<em>topic sentence</em>'. Atentar para essas senten&ccedil;as &eacute; uma estrat&eacute;gia interessante para criar expectativas sobre o conte&uacute;do do texto a ser lido, as quais podem facilitar a compreens&atilde;o de textos em l&iacute;ngua estrangeira."
3;3;"li";1;"A <a href='#' width='300' trans='6. H&aacute; uma aparente semelhan&ccedil;a nas partes sublinhadas das senten&ccedil;as retiradas do texto lido. Por&eacute;m,  h&aacute; uma diferença do ponto de vista lingu&iacute;stico. Qual &eacute; essa diferen&ccedil;a?<br/><br/>a) ...<u>human beings have triggered extinctions</u> on a scale and at a rate comparable with the major extinction events of the geological past<br/><br/> b) There are several possible reasons for the increased vulnerability of birds. The most obvious is that island species <u>have limited ranges</u> and often low populations.'>quest&atilde;o 6</a> buscou chamar sua aten&ccedil;&atilde;o para o fato de que nem sempre a forma do partic&iacute;pio passado &eacute; verbo. O exemplo dado ilustra que formas no partic&iacute;pio passado podem tamb&eacute;m entrar na constitui&ccedil;&atilde;o de grupos nominais complexos com a fun&ccedil;&atilde;o de adjetivo. O mesmo ocorre com as formas em '<em>-ing</em>', como ilustra o t&iacute;tulo do texto lido e a tradu&ccedil;&atilde;o de <em>World Conservation Monitoring Centre</em> solicitada como resposta &agrave; pergunta 2. &eacute; importante que voc&ecirc; preste aten&ccedil;&atilde;o &agrave; fun&ccedil;&atilde;o das palavras inglesas que t&ecirc;m a mesma termina&ccedil;&atilde;o de verbos conjugados (<em>-ing, -ed</em>). Durante a leitura, palavras dessa natureza podem ser fonte de problemas para a compreens&atilde;o, uma vez que podem ser percebidas como forma verbal (he is <em>reading</em>), substantivo (<em>reading</em> is important) ou adjetivo (<em>reading</em> room). A atribui&ccedil;&atilde;o de uma fun&ccedil;&atilde;o inadequada para a palavra pode torn&aacute;-la sem sentido na senten&ccedil;a em que aparece."
3;3;"li";2;"A <a href='#' width='300' trans='2. A que grupo nominal refere-se a sigla WCMC mencionada no terceiro par&aacute;grafo do texto e como esse grupo poderia ser traduzido?'>quest&atilde;o 2</a> tamb&eacute;m serve para ilustrar uma outra quest&atilde;o ling&uuml;&iacute;stica, relativa &agrave; tradu&ccedil;&atilde;o do grupo nominal representado pela sigla WCMC. Como j&aacute; foi apontado, a &uacute;ltima palavra do grupo nominal &eacute; a palavra mais importante, seu n&uacute;cleo. Esta pergunta buscou chamar sua aten&ccedil;&atilde;o para o fato de que as palavras modificadoras deste n&uacute;cleo nem sempre podem ser traduzidas seq&uuml;encialmente. Por isso, voc&ecirc; precisa usar seu conhecimento pr&eacute;vio sobre o t&oacute;pico para determinar qual &eacute; a ordem adequada para a tradu&ccedil;&atilde;o. Por exemplo, no caso dado, o <strong>centro</strong> &eacute; que &eacute; <strong>mundial</strong> e n&atilde;o o <strong>monitoramento</strong> ou a <strong>conserva&ccedil;&atilde;o</strong>. Resumindo: A op&ccedil;&atilde;o por uma determinada ordem &eacute; guiada pelo sentido no contexto e n&atilde;o apenas pelas normas ling&uuml;&iacute;sticas."
3;4;"le";1;"A <a href='#' width='300' trans='4. No terceiro e quarto par&aacute;grafos, o texto esclarece quais pessoas s&atilde;o a favor e quais s&atilde;o contra as invas&otilde;es. identifique quem faz parte de cada um destes grupos antag&ocirc;nicos.'>quest&atilde;o 4</a> solicitou que voc&ecirc; discriminasse as duas posi&ccedil;&otilde;es antag&ocirc;nicas relatadas nesse texto. Em constru&ccedil;&otilde;es argumentativas, comuns em textos acad&ecirc;micos, discriminar os argumentos e dados que apoiam cada uma das posi&ccedil;&otilde;es confrontadas pode ser uma estrat&eacute;gia &uacute;til para monitorar a compreens&atilde;o durante a leitura."
3;4;"li";1;"A <a href='#' width='300' trans='3. Como voc&ecirc; traduziria as express&otilde;es que seguem, extra&iacute;das do in&iacute;cio do terceiro par&aacute;grafo do texto: land hunger, decent housing, e recent housing takeovers.'>quest&atilde;o 3</a> solicitou que voc&ecirc; traduzisse tr&ecirc;s express&otilde;es em ingl&ecirc;s. Esta pergunta procurou salientar o fato de que a tradu&ccedil;&atilde;o &eacute; sempre influenciada pelo contexto, como ilustram os dois exemplos de uso de 'housing'. &Eacute; importante tamb&eacute;m notar que, nessa transposi&ccedil;&atilde;o do ingl&ecirc;s para o portugu&ecirc;s (um est&aacute;gio pelo qual passam os aprendizes no processo de aquisi&ccedil;&atilde;o e automatiza&ccedil;&atilde;o da l&iacute;ngua inglesa), &eacute; necess&aacute;rio voc&ecirc; adequar a tradu&ccedil;&atilde;o ao modo como expressaria aquele sentido em portugu&ecirc;s. A tradu&ccedil;&atilde;o literal muitas vezes confunde e deixa o texto sem sentido. Perceber as palavras em contexto tamb&eacute;m &eacute; uma estrat&eacute;gia &uacute;til para perceber a amplitude sem&acirc;ntica (m&uacute;ltiplos sentidos) que um item lexical determinado tem na l&iacute;ngua."
3;5;"le";1;"A <a href='#' width='300' trans='1. Por que o texto inicia com uma alus&atilde;o a &lsquo;Principia&rsquo;? '>quest&atilde;o 1</a> focalizou um dado de informa&ccedil;&atilde;o - <em>Principia</em> - que o autor do texto considera conhecido dos leitores. Note que, se voc&ecirc; n&atilde;o conhecesse o fato de que esta &eacute; uma obra importante de Newton, voc&ecirc; poderia ter deduzido essa informa&ccedil;&atilde;o atrav&eacute;s da senten&ccedil;a seguinte. Ou seja, ap&oacute;s fazer uma afirma&ccedil;&atilde;o sobre Principia, o autor passa a falar do m&eacute;rito de Newton como cientista, o que implica a exist&ecirc;ncia de uma rela&ccedil;&atilde;o entre essas informa&ccedil;&otilde;es.<br /><br />Durante a leitura de textos em l&iacute;ngua estrangeira, &agrave;s vezes o texto, ou partes do texto, podem n&atilde;o fazer sentido para o leitor porque este n&atilde;o possui o conhecimento pr&eacute;vio pressuposto pelo autor. Nesse caso, &eacute; importante que o leitor esteja alerta para o fato de que essas informa&ccedil;&otilde;es desconhecidas podem, &agrave;s vezes, ser deduzidas a partir das outras informa&ccedil;&otilde;es veiculadas pelo texto."
3;5;"li";1;"Para responder &agrave; <a href='#' width='300' trans='5. Segundo o autor deste texto, a que se refere o subt&iacute;tulo do livro resenhado, &lsquo;Isaac Newton: The Last Sorcerer&rsquo;?'>quest&atilde;o 5</a> voc&ecirc; teve que entender o sentido de um grupo nominal complexo - <strong>Newton's secret life-long fascination with alchemy</strong> - cuja tradu&ccedil;&atilde;o &eacute;: a fascina&ccedil;&atilde;o secreta de Newton pela alquimia que durou por toda a sua vida. Esta pergunta procurou chamar sua aten&ccedil;&atilde;o para dois fatos:<br /><br /><strong>a)</strong>A ordem das palavras no grupo nominal em ingl&ecirc;s &eacute; diferente daquela privilegiada pelo portugu&ecirc;s. A tradu&ccedil;&atilde;o literal sem altera&ccedil;&atilde;o da ordem n&atilde;o faz sentido.<br /><strong>b)</strong> em portugu&ecirc;s, n&atilde;o adotamos a estrutura mais sint&eacute;tica, que dispensa o uso das preposi&ccedil;&otilde;es, como ocorre no ingl&ecirc;s. As vezes, precisamos at&eacute; fazer uso de toda uma ora&ccedil;&atilde;o para ajudar a explicar o grupo nominal."
4;1;"le";1;"A <a href='#' width='300' trans='4. Quais as duas explica&ccedil;&otilde;es de natureza social que o estudo de Holland e Rabbit ofereceram para os resultados obtidos?'>quest&atilde;o 4</a> buscou chamar a sua aten&ccedil;&atilde;o para o fato de que as informa&ccedil;&otilde;es do texto que se complementam nem sempre aparecem discutidas em uma seq&uuml;&ecirc;ncia linear. No caso ilustrado, a primeira explica&ccedil;&atilde;o &eacute; apresentada no par&aacute;grafo 2 do texto e a segunda, no par&aacute;grafo final. Para perceber essa rela&ccedil;&atilde;o, o leitor deve identificar a categoria mais gen&eacute;rica (explica&ccedil;&atilde;o de natureza social), n&atilde;o explicitada no texto, que agrega essas duas informa&ccedil;&otilde;es complementares. Buscar relacionar as informa&ccedil;&otilde;es veiculadas pelo texto &eacute; uma estrat&eacute;gia de compreens&atilde;o que pode auxili&aacute;-lo a perceber a coes&atilde;o e a coer&ecirc;ncia textual. &eacute; importante voc&ecirc; estar alerta para o fato de que a leitura de textos em l&iacute;ngua estrangeira tende, inicialmente, a ser mais lenta e, por essa raz&atilde;o, as liga&ccedil;&otilde;es entre as informa&ccedil;&otilde;es textuais que ocorrem naturalmente durante a leitura de textos em portugu&ecirc;s deixam de acontecer. Ou seja, elas precisam ser conscientemente procuradas pelo leitor."
4;1;"le";2;"A <a href='#' width='300' trans='6. Qual &eacute; o t&oacute;pico central em cada um dos par&aacute;grafos do texto?'>quest&atilde;o 6</a> pediu para que voc&ecirc; identificasse como o autor organiza o texto na estrutura dos par&aacute;grafos. Perceber esta progress&atilde;o tem&aacute;tica &eacute; uma estrat&eacute;gia de monitoramento da compreens&atilde;o. Na leitura de textos em ingl&ecirc;s, quando a l&iacute;ngua alvo ainda n&atilde;o est&aacute; automatizada, existe uma sobrecarga adicional no processo de compreens&atilde;o. O leitor, ao usar seus recursos cognitivos para decifrar a l&iacute;ngua estrangeira, pode vir a esquecer a informa&ccedil;&atilde;o anteriormente lida. A perda da progress&atilde;o tem&aacute;tica do texto interfere na compreens&atilde;o global da leitura, o que pode tamb&eacute;m vir a dificultar a compreens&atilde;o dos par&aacute;grafos subseq&uuml;entes. Resumos escritos s&atilde;o uma estrat&eacute;gia &uacute;til para contornar esse tipo de problema na situa&ccedil;&atilde;o de leitura para estudo."
4;1;"li";1;"A <a href='#' width='300' trans='5. Procure no texto itens lexicais (substantivos, verbos) semanticamente relacionados a &lsquo;mem&oacute;ria&rsquo;'>quest&atilde;o 5</a> solicitou que voc&ecirc; procurasse diferentes itens de vocabul&aacute;rio relacionados ao tema central do texto: mem&oacute;ria. Perceber essas diferentes palavras que pertencem a um mesmo campo sem&acirc;ntico, isto &eacute;, que t&ecirc;m um sentido relacionado, pode ser uma estrat&eacute;gia de aquisi&ccedil;&atilde;o lexical. Voc&ecirc; pode expandir seu conhecimento de vocabul&aacute;rio estabelecendo rela&ccedil;&otilde;es entre essas palavras que t&ecirc;m sentido pr&oacute;ximo e se encontram dentro de um mesmo contexto. Tal tipo de an&aacute;lise deixa claro o sentido comum e a rela&ccedil;&atilde;o que tais palavras t&ecirc;m entre si."
4;2;"le";1;"A <a href='#' width='300' trans='2. Que informa&ccedil;&atilde;o o texto oferece no segundo par&aacute;grafo que comprovam a hist&oacute;ria de amor citada no primeiro par&aacute;grafo?'>quest&atilde;o 2</a> explicitamente solicitou que voc&ecirc; procurasse no segundo par&aacute;grafo do texto informa&ccedil;&otilde;es adicionais sobre a hist&oacute;ria de amor mencionada no primeiro par&aacute;grafo. A pergunta 3, embora n&atilde;o indicasse explicitamente, remeteu-o tamb&eacute;m ao par&aacute;grafo 2 para obter informa&ccedil;&otilde;es citadas no terceiro par&aacute;grafo. Ambas as perguntas ilustram como as informa&ccedil;&otilde;es veiculadas por um texto estabelecem uma rela&ccedil;&atilde;o (coes&atilde;o) interna &agrave; estrutura desse texto. Essas rela&ccedil;&otilde;es podem ser expandidas nos par&aacute;grafos que seguem (pergunta 2) ou pressupostas nas informa&ccedil;&otilde;es veiculadas pelo texto (pergunta 3)."
4;2;"li";1;"Para responder &agrave; <a href='#' width='300' trans='4. No quinto par&aacute;grafo, o autor nos fornece uma descri&ccedil;&atilde;o das paredes do mausol&eacute;u, que se caracterizam por dois tipos de decora&ccedil;&atilde;o. Indique quais os dois tipos mencionados'>quest&atilde;o 4</a> voc&ecirc; precisou prestar aten&ccedil;&atilde;o a marcas ling&uuml;&iacute;sticas que salientam estas diferen&ccedil;as no quinto par&aacute;grafo: <em><strong>Many</em></strong> of the walls are inlaid with colored marble and precious stones. <em><strong>Others</em></strong> are adorned with parts of the Koran. Esse mesmo tipo de organiza&ccedil;&atilde;o orientou a resposta das perguntas 1 e 6. Na primeira pergunta, a palavra <em><strong>both</em></strong> (ambos) explicitamente indica que ser&atilde;o apresentadas <strong>duas</strong> raz&otilde;es para a fama do Taj Mahal. Na pergunta 6, as tr&ecirc;s posi&ccedil;&otilde;es que constituem o debate sobre a melhor hora de ver o mausol&eacute;u s&atilde;o tamb&eacute;m salientadas ling&uuml;isticamente atrav&eacute;s de tr&ecirc;s marcadores de coes&atilde;o: <em><strong>some, others, still others</em></strong>. Estas marcas ling&uuml;&iacute;sticas t&ecirc;m a fun&ccedil;&atilde;o de auxiliar o processamento, criando expectativa sobre o conte&uacute;do que ser&aacute; apresentado (como no exemplo de both) ou marcar os limites de informa&ccedil;&otilde;es diferentes."
4;2;"li";2;"A resposta &agrave; <a href='#' width='300' trans='5. Em que parte do pr&eacute;dio central do Taj Mahal est&atilde;o localizadas as tumbas do X&aacute; e da sua esposa?'>quest&atilde;o 5</a> exigiu que voc&ecirc; identificasse o referente da palavra <em><strong>former</em></strong>. Em textos de natureza cient&iacute;fica, '<em>former</em>' e '<em>latter</em>' tendem a ser usados para indicar que a informa&ccedil;&atilde;o adicional a ser colocada no texto se refere a apenas uma das informa&ccedil;&otilde;es previamente discutidas, ou seja: <em>&agrave; primeira ou &agrave; &uacute;ltima</em>. Perceber essa discrimina&ccedil;&atilde;o atrav&eacute;s das marcas ling&uuml;&iacute;sticas do texto &eacute; essencial para entend&ecirc;-lo de forma coesa e coerente."
4;3;"le";1;"A <a href='#' width='300' trans='1. Por que o texto inicia com uma cita&ccedil;&atilde;o de Pliny, the Elder?'>quest&atilde;o 1</a> solicitou que voc&ecirc; enfocasse a cita&ccedil;&atilde;o inicial do texto. Em textos acad&ecirc;micos, a cita&ccedil;&atilde;o tem sempre um papel argumentativo de destaque. Quando o autor opta pela transcri&ccedil;&atilde;o literal de partes de um texto, algumas possibilidades devem ser consideradas: o trecho citado confere autoridade &agrave;s id&eacute;ias que o autor pretende defender; o texto citado explica de uma forma excepcionalmente clara um determinado tipo de conceito central ao texto, ou ilustra claramente uma posi&ccedil;&atilde;o que o autor tem interesse em contestar. Dada essa import&acirc;ncia em fatos acad&ecirc;micos, as cita&ccedil;&otilde;es devem ser levadas em conta para facilitar a percep&ccedil;&atilde;o do jogo argumentativo adotado pelo autor do texto."
4;3;"le";2;"Ainda em rela&ccedil;&atilde;o &agrave; <a href='#' width='300' trans='Por que o texto inicia com uma cita&ccedil;&atilde;o de Pliny, the Elder?'>quest&atilde;o 1</a>, o texto cita <em>Pliny the Elder</em> sem dar maiores detalhes sobre este autor. O autor menciona o nome pressupondo que seus leitores saibam de quem se trata (Pl&iacute;nio, o Velho, nascido em 23 d.c. e falecido em 79 d.c., naturalista e escritor italiano, autor de Hist&oacute;ria Natural, vasto comp&ecirc;ndio das ci&ecirc;ncias antigas, composto de 37 livros). Note que, neste caso espec&iacute;fico, saber as informa&ccedil;&otilde;es adicionais sobre o autor n&atilde;o &eacute; fundamental para a compreens&atilde;o desse texto. Ao ler um texto, o leitor nem sempre tem o dom&iacute;nio de todas as informa&ccedil;&otilde;es que o autor considera compartilhadas. &Eacute; importante, no entanto, o leitor saber discriminar entre as lacunas de seu conhecimento pr&eacute;vio que prejudicam a compreens&atilde;o do texto (e que, portanto, precisam ser obtidas em outras fontes de leituras) e as lacunas que s&atilde;o secund&aacute;rias para a sua compreens&atilde;o do texto, ou para seus objetivos espec&iacute;ficos de leitura (e que podem ser ignoradas)."
4;3;"li";1;"Para responder &agrave; <a href='#' width='300' trans='2. No segundo par&aacute;grafo do texto, o autor se refere a alguns desdobramentos que indicam uma crescente desconfian&ccedil;a p&uacute;blica americana na forma como o sistema de sa&uacute;de mant&eacute;m a vida artificialmente, mesmo contra a vontade das pessoas. Quais os desdobramentos a que o texto se refere?'>quest&atilde;o 2</a> voc&ecirc; precisou entender que <em>these developments</em> &eacute;, neste texto, uma s&iacute;ntese de uma s&eacute;rie de fatos que o autor menciona no par&aacute;grafo anterior. Essa retomada no texto marca um eixo coesivo (liga&ccedil;&atilde;o entre as id&eacute;ias que est&atilde;o veiculadas) que tamb&eacute;m confere sali&ecirc;ncia a certas informa&ccedil;&otilde;es que s&atilde;o importantes para a compreens&atilde;o. No par&aacute;grafo 1, onde esse exemplo aparece, a express&atilde;o <em>the issue</em> cumpre uma fun&ccedil;&atilde;o semelhante."
5;1;"le";1;"A <a href='#' width='300' trans='5. Os par&aacute;grafos 3 e 4 apresentam duas posi&ccedil;&otilde;es diferentes frente ao repert&oacute;rio desej&aacute;vel para o tocador de viola. Explicite as duas posi&ccedil;&otilde;es que est&atilde;o sendo contrastadas'>quest&atilde;o 5</a> solicitou que voc&ecirc; explicitasse as duas posi&ccedil;&otilde;es diferentes que existem sobre o tipo de repert&oacute;rio desej&aacute;vel para um tocador de viola. Para responder essa pergunta, voc&ecirc; precisou notar a exist&ecirc;ncia de um marcador de contraste (but) que inicia o 4&#186; par&aacute;grafo do texto. Durante a leitura, &eacute; importante voc&ecirc; estar alerta para o uso de marcadores em in&iacute;cio de par&aacute;grafo, j&aacute; que marcadores, quando aparecem nessa posi&ccedil;&atilde;o, est&atilde;o sempre relacionando trechos maiores de informa&ccedil;&atilde;o. Prestar aten&ccedil;&atilde;o a essas marcas ling&uuml;&iacute;sticas pode orientar a sua percep&ccedil;&atilde;o da organiza&ccedil;&atilde;o macro-estrutural das informa&ccedil;&otilde;es textuais. Em outras palavras, esses marcadores em in&iacute;cio de par&aacute;grafo s&atilde;o importantes para a constru&ccedil;&atilde;o do sentido global do texto."
5;1;"le";2;"A resposta dada no gabarito da <a href='#' width='300' trans='5. Os par&aacute;grafos 3 e 4 apresentam duas posi&ccedil;&otilde;es diferentes frente ao repert&oacute;rio desej&aacute;vel para o tocador de viola. Explicite as duas posi&ccedil;&otilde;es que est&atilde;o sendo contrastadas'>quest&atilde;o 5</a> indica que uma das posi&ccedil;&otilde;es frente ao repert&oacute;rio desej&aacute;vel para o tocador de viola &eacute; a de que o tocador opte pelo repert&oacute;rio <strong>tradicional</strong>. Para chegar a essa resposta voc&ecirc; precisou primeiro considerar que esse par&aacute;grafo est&aacute; em oposi&ccedil;&atilde;o ao par&aacute;grafo anterior e, segundo, que o in&iacute;cio deste 4&#186; par&aacute;grafo chama a aten&ccedil;&atilde;o para o fato de que a viola est&aacute; sendo redescoberta como um '<em>instrumento folcl&oacute;rico</em>'.<br /><br />Essa informa&ccedil;&atilde;o que topicaliza o par&aacute;grafo permite que voc&ecirc; infira que o autor, ao afirmar '<em>Some viola-players with training in classical music are attempting to promote the instrument and its repertoire</em>', refere-se ao repert&oacute;rio <strong>tradicional</strong>, embora essa informa&ccedil;&atilde;o n&atilde;o esteja explicitamente colocada."
5;1;"li";1;"Para responder &agrave; <a href='#' width='300' trans='6. No &uacute;ltimo par&aacute;grafo, o autor prop&otilde;e um perfil desej&aacute;vel para o tocador de viola nos dias atuais. Como seria esse perfil?'>quest&atilde;o 6</a> voc&ecirc; precisou levar em considera&ccedil;&atilde;o os marcadores l&oacute;gicos do &uacute;ltimo par&aacute;grafo do texto. Inicialmente, para localizar uma das caracter&iacute;sticas do perfil solicitado, voc&ecirc; precisou perceber que a marca de exemplifica&ccedil;&atilde;o '<em>for example</em>' tinha sido previamente negada. Ou seja, o autor indica explicitamente no texto que a informa&ccedil;&atilde;o a ser apresentada &eacute; um <strong>contra-exemplo</strong> do que foi indicado anteriormente. Em leitura de textos em l&iacute;ngua estrangeira, &eacute; comum o leitor n&atilde;o prestar aten&ccedil;&atilde;o &agrave;s marcas de nega&ccedil;&atilde;o e isso pode gerar s&eacute;rios problemas de compreens&atilde;o. Finalmente, para completar sua resposta voc&ecirc; precisou prestar aten&ccedil;&atilde;o a outros dois marcadores: '<em>moreover</em>' que alerta o leitor para o fato de que o autor ir&aacute; apresentar informa&ccedil;&otilde;es adicionais complementares e '<em>as well as</em>' que indica que o autor ir&aacute; acrescentar mais uma informa&ccedil;&atilde;o paralela &agrave; anterior."
5;2;"le";1;"A <a href='#' width='300' trans='3. No terceiro par&aacute;grafo, o autor afirma que devido &agrave; superpopula&ccedil;&atilde;o e ao consumo excessivo, a humanidade &eacute; incapaz de se sustentar. Considerando as coloca&ccedil;&otilde;es desse par&aacute;grafo, indique como isso tem afetado o meio ambiente.'>quest&atilde;o 3</a> solicitou que voc&ecirc; identificasse o sentido de eons, uma palavra pouco conhecida por falantes de portugu&ecirc;s. O seu conhecimento pr&eacute;vio sobre a forma&ccedil;&atilde;o de recursos naturais foi uma pista muito forte para orientar seu processo de dedu&ccedil;&atilde;o do sentido dessa palavra. Existe, ainda uma segunda pista, que &eacute; dada pela pr&oacute;pria organiza&ccedil;&atilde;o da senten&ccedil;a que contrasta eons com decades, que &eacute; uma palavra transparente para falantes de portugu&ecirc;s. Este exemplo ilustra a possibilidade de infer&ecirc;ncia de vocabul&aacute;rio desconhecido a partir do conhecimento pr&eacute;vio e do contexto intra-sentencial, ou seja, a partir de pistas oferecidas pela pr&oacute;pria senten&ccedil;a onde a palavra desconhecida est&aacute; inserida. Exemplos semelhantes de infer&ecirc;ncia de vocabul&aacute;rio definida pela tema e pelo contexto ling&uuml;&iacute;stico imediato podem ser encontrados no exerc&iacute;cio proposto para o texto de Lu&iacute;s Fernando Ver&iacute;ssimo no tutorial da atividade 5 do m&oacute;dulo 2."
5;2;"li";1;"Os itens a e b da <a href='#' width='300' trans='4. O autor do texto prop&otilde;e uma forma alternativa para analisar os problemas populacionais. Levando em considera&ccedil&atilde;o a argumenta&ccedil&atilde;o que ele desenvolve, indique:<br/> a) Qual o tipo de an&aacute;lise que est&aacute; sendo contestado.<br/> b) Qual o novo tipo de an&aacute;lise proposto.'>quest&atilde;o 4</a> solicitaram que voc&ecirc; indicasse os dois tipos de an&aacute;lise que est&atilde;o sendo comparados e qual est&aacute; sendo privilegiado pelo autor do texto. Para responder a essa pergunta voc&ecirc; deveria estar atento para: a afirma&ccedil;&atilde;o feita no in&iacute;cio do quinto par&aacute;grafo; a informa&ccedil;&atilde;o que &eacute; negada na senten&ccedil;a que segue; e a posi&ccedil;&atilde;o defendida pelo autor introduzida por uma conjun&ccedil;&atilde;o que marca oposi&ccedil;&atilde;o: <em>instead</em> (em vez disso). Note que, para estabelecer a rela&ccedil;&atilde;o apontada, &eacute; <strong>fundamental</strong> que voc&ecirc; saiba o sentido da conjun&ccedil;&atilde;o <em>instead</em>."
5;3;"le";1;"As quest&otilde;es deste texto, com exce&ccedil;&atilde;o da <a href='#' width='300' trans='3. A &lsquo;ansiedade&rsquo; &eacute; apresentada no texto como um exemplo de emo&ccedil&atilde;o que pode afetar a intelig&ecirc;ncia. Indique como o texto explica essa rela&ccedil&atilde;o.'>quest&atilde;o 3</a>, buscaram chamar sua aten&ccedil;&atilde;o para tipos de informa&ccedil;&otilde;es que s&atilde;o esperadas em textos acad&ecirc;micos que envolvem experimentos e podem, tamb&eacute;m, aparecer em textos que buscam divulgar, para o grande p&uacute;blico, o resultado de estudos acad&ecirc;micos (caso espec&iacute;fico de texto lido). A <a href='#' width='300' trans='1. Como &eacute; definido no texto o conceito de intelig&ecirc;ncia emocional proposto por Peter Salovey e John Myer?'>quest&atilde;o 1</a> solicitou a localiza&ccedil;&atilde;o de um conceito te&oacute;rico - intelig&ecirc;ncia emocional - que foi constru&iacute;do com base no estudo relatado. As quest&otilde;es <a href='#' width='300' trans='2. Em termos metodol&oacute;gicos, como se caracteriza a pesquisa conduzida por Salovey e Myer?'>2</a> e <a href='#' width='300' trans='4. O estudo sobre intelig&ecirc;ncia emocional teve in&iacute;cio com um experimento feito com crian&ccedil;as de quatro anos. Indique:<br /> a) qual foi a situa&ccedil&atilde;o-teste preparada para o experimento;<br /> b) como os sujeitos da pesquisa reagiram a essa situa&ccedil&atilde;o.'>4</a> solicitaram que voc&ecirc; explicitasse os procedimentos te&oacute;ricos que orientaram a coleta de dados. A <a href='#' width='300' trans='5. A que conclus&otilde;es os pesquisadores chegaram ap&oacute;s a an&aacute;lise geral dos resultados da pesquisa?'>quest&atilde;o 5</a> enfocou as conclus&otilde;es a que chegaram os pesquisadores ap&oacute;s a an&aacute;lise dos dados. Finalmente, a <a href='#' width='300' trans='6. Qual a rela&ccedil&atilde;o que o texto estabelece entre o experimento do marshmallow e a teoria da intelig&ecirc;ncia emocional?'>quest&atilde;o 6</a> pediu para que voc&ecirc; explicitasse a rela&ccedil;&atilde;o existente entre o dado emp&iacute;rico e o conceito te&oacute;rico discutido no texto, que tamb&eacute;m faz parte das conclus&otilde;es da pesquisa. Note que esses tipos de informa&ccedil;&atilde;o s&atilde;o centrais para a compreens&atilde;o desse tipo de texto: conceito(s) te&oacute;rico(s), experimento, an&aacute;lise e conclus&otilde;es da pesquisa. Ter expectativas sobre as categorias de informa&ccedil;&atilde;o que s&atilde;o recorrentes em diferentes tipos de texto &eacute; uma estrat&eacute;gia que pode orientar sua leitura para estudo."
5;3;"le";2;"A <a href='#' width='300' trans='2. Em termos metodol&oacute;gicos, como se caracteriza a pesquisa conduzida por Salovey e Myer?'>quest&atilde;o 2</a> solicitou que voc&ecirc; recorresse ao seu conhecimento de metodologia de pesquisa para explicitar os dois tipos de coleta de dados adotados na pesquisa de Salovey e Myer. Em textos acad&ecirc;micos, esse tipo de informa&ccedil;&atilde;o, dada a sua import&acirc;ncia, tende sempre a ser relatada de forma expl&iacute;cita. No texto que estamos analisando, que &eacute; do tipo &ldquo;populariza&ccedil;&atilde;o da ci&ecirc;ncia&rdquo;, essa informa&ccedil;&atilde;o &eacute; apresentada de forma subentendida: o autor explica o experimento com as crian&ccedil;as e o marshmallow, e, na seq&uuml;&ecirc;ncia, afirma &ldquo;And then science waits for them to grow up&rdquo;, que informa, de forma impl&iacute;cita, que a coleta de dados foi tamb&eacute;m do tipo longitudinal. A seguir, o autor relata o resultado do experimento em quest&atilde;o. Esse relato engloba tanto os dados obtidos no experimento com as crian&ccedil;as de quatro anos, quanto os dados coletados longitudinalmente. Esse exemplo ilustra como, na constru&ccedil;&atilde;o dos textos, as informa&ccedil;&otilde;es veiculadas de forma impl&iacute;citas s&atilde;o pressupostas na continua&ccedil;&atilde;o da discuss&atilde;o. O autor conta com a compet&ecirc;ncia do leitor para fazer todas as infer&ecirc;ncias necess&aacute;rias para a compreens&atilde;o do texto."
5;3;"li";1;"Para responder &agrave;s quest&otilde;es <a href='#' width='300' trans='3. A &lsquo;ansiedade&rsquo; &eacute; apresentada no texto como um exemplo de emo&ccedil&atilde;o que pode afetar a intelig&ecirc;ncia. Indique como o texto explica essa rela&ccedil&atilde;o.'>3</a>, <a href='#' width='300' trans='5. A que conclus&otilde;es os pesquisadores chegaram ap&uacute;s a an&aacute;lise geral dos resultados da pesquisa?'>5</a> e <a href='#' width='300' trans='6. Qual a rela&ccedil&atilde;o que o texto estabelece entre o experimento do marshmallow e a teoria da intelig&ecirc;ncia emocional?'>6</a> - as quais solicitavam que voc&ecirc; indicasse o efeito da ansiedade na intelig&ecirc;ncia, as conclus&otilde;es da pesquisa, e a rela&ccedil;&atilde;o existente entre o experimento feito com as crian&ccedil;as e a teoria de intelig&ecirc;ncia emocional proposta - voc&ecirc; precisou orientar suas respostas por tr&ecirc;s conjun&ccedil;&otilde;es: <i>although</i>, <i>as a result</i> e <i>for</i>. Essas conjun&ccedil;&otilde;es marcam respectivamente as rela&ccedil;&otilde;es de &ldquo;contraste&rdquo;, &ldquo;resultado&rdquo; e &ldquo;causa&rdquo; e precisaram ser percebidas durante a sua leitura e elabora&ccedil;&atilde;o das respostas solicitadas pela tarefa de compreens&atilde;o. Estar alerta para o papel das conjun&ccedil;&otilde;es no processo de articula&ccedil;&atilde;o das informa&ccedil;&otilde;es textuais &eacute; fundamental para o bom desempenho na leitura. Portanto, &eacute; essencial que voc&ecirc; conhe&ccedil;a o sentido dessas palavras que marcam rela&ccedil;&otilde;es l&oacute;gicas entre as id&eacute;ias de um texto."
5;3;"li";2;"Para responder &agrave; <a href='#' width='300' trans='4. O estudo sobre intelig&ecirc;ncia emocional teve in&iacute;cio com um experimento feito com crian&ccedilas de quatro anos. Indique:<br /> a) qual foi a situa&ccedil&atilde;o-teste preparada para o experimento;<br /> b) como os sujeitos da pesquisa reagiram a essa situa&ccedil&atilde;o.'>quest&atilde;o 4b</a> - a qual solicitou que voc&ecirc; indicasse como os sujeitos da pesquisa reagiram &agrave; situa&ccedil;&atilde;o-teste constru&iacute;da pelos pesquisadores - voc&ecirc; precisou perceber que, nesse contexto, a palavra &ldquo;but&rdquo; est&aacute; sendo usada com a fun&ccedil;&atilde;o de um adv&eacute;rbio (apenas) e n&atilde;o como um marcador de oposi&ccedil;&atilde;o (mas). &Eacute; importante voc&ecirc; estar alerta para o fato de que as palavras que marcam rela&ccedil;&otilde;es gramaticais tamb&eacute;m podem ter mais de um sentido ou fun&ccedil;&atilde;o. Por isso, algumas vezes, voc&ecirc; precisa avaliar, durante a leitura, qual &eacute; o sentido adequado para o contexto do texto que est&aacute; sendo lido."
5;4;"le";1;"Para responder &agrave; <a href='#' width='300' trans='3. Por que o texto estabelece uma rela&ccedil&atilde;o entre a teoria Darwinista e a decis&atilde;o da Unesco de condenar o racismo a partir dos anos 40?'>quest&atilde;o 3</a> voc&ecirc; precisou recuperar, de seu conhecimento pr&eacute;vio, a quest&atilde;o do princ&iacute;pio da evolu&ccedil;&atilde;o das esp&eacute;cies, que n&atilde;o &eacute; apresentado explicitamente no texto. Essa recupera&ccedil;&atilde;o de informa&ccedil;&atilde;o que o texto pressup&otilde;e conhecida tamb&eacute;m foi necess&aacute;ria para voc&ecirc; responder &agrave; <a href='#' width='300' trans='4. Do ponto de vista cient&iacute;fico, por que &eacute; problem&aacute;tico usar o conceito de ra&ccedil;a como crit&eacute;rio de valor?'>quest&atilde;o 4</a> Note que a resposta dessa pergunta prev&ecirc; que voc&ecirc; esteja ciente de certos pressupostos estat&iacute;sticos: se a vari&aacute;vel &eacute; relevante para distinguir dois grupos em princ&iacute;pio, a varia&ccedil;&atilde;o entre indiv&iacute;duos dentro de um mesmo grupo n&atilde;o pode ser maior que a varia&ccedil;&atilde;o obtida entre os grupos.<br /><br />Ao construir um texto, o autor tem em mente um determinado p&uacute;blico, com o qual ele presume compartilhar conhecimento de uma certa natureza. Esse conhecimento compartilhado &eacute; pressuposto pelo autor durante a reda&ccedil;&atilde;o do texto. Se o leitor n&atilde;o corresponde ao p&uacute;blico esperado pelo autor, &eacute; poss&iacute;vel que o texto como um todo, bem como partes dele, n&atilde;o fa&ccedil;am sentido.<br /><br />Essa &eacute; uma quest&atilde;o que precisa ser considerada, j&aacute; que, na leitura de textos em ingl&ecirc;s, muitas vezes os leitores tendem a atribuir todos seus problemas de compreens&atilde;o &agrave;s suas limita&ccedil;&otilde;es ling&uuml;&iacute;sticas, ignorando suas limita&ccedil;&otilde;es de conhecimento pr&eacute;vio."
5;4;"le";2;"A tradu&ccedil;&atilde;o da conjun&ccedil;&atilde;o 'though' (solicitada na <a href='#' width='300' trans='6. Qual a tradu&ccedil&atilde;o das conjun&ccedil&otilde;es &lsquo;although&rsquo;, &lsquo;though&rsquo; e &lsquo;even though&rsquo;, que aparecem na primeira linha do primeiro, terceiro e quinto par&aacute;grafos, respectivamente?'>quest&atilde;o 6</a>) exigiu que voc&ecirc; focalizasse a senten&ccedil;a inicial do terceiro par&aacute;grafo (That classifications cannot be hierarchical does not mean, though, that they are useless or that anthropologists cannot gather people into different groups). Note que, nessa senten&ccedil;a, o autor nega, atrav&eacute;s dessa adversativa, que o uso de ra&ccedil;a como classifica&ccedil;&atilde;o seja in&uacute;til. S&oacute; se pode negar uma afirma&ccedil;&atilde;o anteriormente feita. Esta afirma&ccedil;&atilde;o (&eacute; in&uacute;til) n&atilde;o foi explicitamente feita anteriormente no texto; no entanto ela est&aacute; impl&iacute;cita no questionamento que o autor levanta nos dois par&aacute;grafos iniciais. Esse exemplo ilustra que a compreens&atilde;o de um texto se ancora tanto nas informa&ccedil;&otilde;es explicitamente colocadas quanto nas implicitamente veiculadas pelo texto. A recupera&ccedil;&atilde;o das informa&ccedil;&otilde;es impl&iacute;citas, normalmente feitas na leitura de textos em portugu&ecirc;s, &agrave;s vezes se perde na leitura de textos em ingl&ecirc;s devido &agrave; pr&oacute;pria press&atilde;o cognitiva colocada pelo processamento n&atilde;o autom&aacute;tico da l&iacute;ngua estrangeira. &Eacute; importante voc&ecirc; estar alerta para o fato de que problemas de compreens&atilde;o tamb&eacute;m podem ser gerados pela n&atilde;o recupera&ccedil;&atilde;o das informa&ccedil;&otilde;es implicitamente veiculadas pelo texto."
5;4;"li";1;"A <a href='#' width='300' trans='6. Qual a tradu&ccedil&atilde;o das conjun&ccedil&otilde;es &lsquo;although&rsquo;, &lsquo;though&rsquo; e &lsquo;even though&rsquo;, que aparecem na primeira linha do primeiro, terceiro e quinto par&aacute;grafos, respectivamente?'>quest&atilde;o 6</a> solicitou que voc&ecirc; traduzisse 3 conjun&ccedil;&otilde;es que s&atilde;o visualmente parecidas: 'although', 'though', 'even though'. Para responder a essa quest&atilde;o voc&ecirc; precisou levar em conta o contexto em que essas conjun&ccedil;&otilde;es aparecem e perceber a diferen&ccedil;a na rela&ccedil;&atilde;o l&oacute;gica que essas conjun&ccedil;&otilde;es adversativas estabelecem no texto. Dependendo do contexto, as conjun&ccedil;&otilde;es podem ter tradu&ccedil;&otilde;es diferentes em portugu&ecirc;s, como pode ser observado nos exemplos que seguem,<br /><br /><strong>although (embora):</strong> assinala para o leitor que a pr&oacute;xima ora&ccedil;&atilde;o apresentar&aacute; uma informa&ccedil;&atilde;o que &eacute; contr&aacute;ria &agrave; apresentada inicialmente:<br /><br /><center><em>(Embora) Ra&ccedil;a &eacute; um conceito in&oacute;cuo na antropologia</em><br /><strong>x</strong><br /><em>discuss&otilde;es sobre ra&ccedil;a reduzem-se a discuss&otilde;es racistas e os &acirc;nimos se alteram.</em></center><br /><br /><strong>though (no entanto):</strong> marca a restri&ccedil;&atilde;o de escopo de uma afirma&ccedil;&atilde;o colocada anteriormente no texto (ou na senten&ccedil;a)<br /><br /><center><em>Classifica&ccedil;&otilde;es hier&aacute;rquicas com base no conceito ra&ccedil;a n&atilde;o s&atilde;o poss&iacute;veis</em><br /><strong>x</strong><br /><em>(no entanto), ra&ccedil;a pode ser &uacute;til e os antrop&oacute;logos podem us&aacute;-la para classificar as pessoas em grupos</em></center><br /><br /><strong>even though (muito embora):</strong> tem um sentido pr&oacute;ximo ao de although, e sinaliza a oposi&ccedil;&atilde;o de forma mais enf&aacute;tica. No caso, o autor destaca a introdu&ccedil;&atilde;o da id&eacute;ia de ra&ccedil;a como instrumento de classifica&ccedil;&atilde;o (apresentado de forma positiva anteriormente no texto) para dizer que essa ferramenta n&atilde;o &eacute; &uacute;til para leigos.<br /><br /><center><em>(Muito embora) ra&ccedil;a &eacute; instrumento de classifica&ccedil;&atilde;o</em><br /><strong>x</strong><br /><em>identifica&ccedil;&atilde;o de origem racial n&atilde;o &eacute; f&aacute;cil</em></center>"
6;1;"le";1;"No m&oacute;dulo 1, voc&ecirc; trabalhou estrat&eacute;gias de pr&eacute;-leitura. Retomando as quest&otilde;es j&aacute; discutidas, &eacute; importante levantar expectativas de conte&uacute;do antes de iniciar a leitura de um texto. Tais expectativas podem ser constru&iacute;das considerando o tipo de texto (acad&ecirc;mico ou jornal&iacute;stico), a fonte (qual a orienta&ccedil;&atilde;o editorial da revista), a posi&ccedil;&atilde;o te&oacute;rica do autor do texto (se for autor conhecido) ou seu conhecimento pr&eacute;vio geral sobre o assunto. Em rela&ccedil;&atilde;o ao texto que voc&ecirc; acabou de ler, sua compreens&atilde;o pode ser ancorada nas seguintes expectativas:<br /><br />O texto foi publicado em uma revista de divulga&ccedil;&atilde;o de ci&ecirc;ncia para leigos. Nesse tipo de publica&ccedil;&atilde;o, h&aacute; textos mais longos, em que os assuntos s&atilde;o examinados em maior profundidade e que geralmente s&atilde;o mencionados na capa da revista. H&aacute;, tamb&eacute;m, textos mais curtos, que s&atilde;o veiculados como not&iacute;cias da semana e que t&ecirc;m o objetivo de divulgar estudos desenvolvidos por pesquisadores ou grupos de pesquisa. Ao ler textos dessa natureza, voc&ecirc; pode antecipar a maneira como eles s&atilde;o organizados internamente e se preparar para procurar a informa&ccedil;&atilde;o que lhe interessa. Tais textos tendem a apresentar:<br /><br /><ul style="list-style-type:disc;"><li>a conclus&atilde;o de um estudo cient&iacute;fico que, muitas vezes, &eacute; apresentada no in&iacute;cio do texto para chamar a aten&ccedil;&atilde;o do leitor. Tais elementos s&atilde;o apresentados, na maioria das vezes, no primeiro par&aacute;grafo;</li><li>os nomes dos pesquisadores ou coordenadores de grupos de pesquisa, bem como os nomes das institui&ccedil;&otilde;es onde os trabalhos foram desenvolvidos;</li><li>uma breve descri&ccedil;&atilde;o da metodologia de coleta de dados;</li><li>desdobramentos, aplica&ccedil;&otilde;es ou poss&iacute;vel impacto dos resultados obtidos.</li></ul>"
6;1;"li";1;"Para responder &agrave; <a href='#' width='300' trans='5. O final do artigo apresenta as conclus&otilde;es de Rogers e de Griffiths sobre o assunto. Apresenta tamb&eacute;m a conclus&atilde;o de estudos feitos anteriormente. Qual ou quais delas s&atilde;o apresentadas como certeza e qual ou quais s&atilde;o possibilidades plaus&iacute;veis?'>quest&atilde;o 5</a> voc&ecirc; teve que prestar aten&ccedil;&atilde;o ao uso da forma verbal &ldquo;does&rdquo; em ora&ccedil;&atilde;o afirmativa (&ldquo;<em>It is very clear that caffeine <strong>does</strong> produce dependency in chronic use.</em>&rdquo;) O uso do verbo auxiliar &ldquo;do&rdquo; e de suas formas &ldquo;does&rdquo; e &ldquo;did&rdquo;, embora t&iacute;pico de ora&ccedil;&otilde;es negativas e interrogativas, em ora&ccedil;&otilde;es afirmativas, denota a inten&ccedil;&atilde;o de &ecirc;nfase da parte de quem fala. Portanto, &ldquo;does produce&rdquo; expressa a certeza de Griffiths quanto &agrave; depend&ecirc;ncia decorrente do uso da cafe&iacute;na.<br /><br />Na elabora&ccedil;&atilde;o da resposta &agrave; quest&atilde;o 5, voc&ecirc; tamb&eacute;m teve que levar em conta os verbos que introduziram as conclus&otilde;es dos cientistas e as conclus&otilde;es dos estudos anteriores citados no par&aacute;grafo 4 do texto. Tanto o verbo modal .may. quanto o verbo .suggest. revelam que a inten&ccedil;&atilde;o dos autores das asser&ccedil;&otilde;es &eacute; de fazer generaliza&ccedil;&otilde;es de escopo limitado, ou seja, generaliza&ccedil;&otilde;es que podem ser revistas &agrave; luz de novas evid&ecirc;ncias e novos trabalhos cient&iacute;ficos. A escolha de tais verbos denota cuidado da parte dos autores das asser&ccedil;&otilde;es para que suas conclus&otilde;es sejam vistas como plaus&iacute;veis, e n&atilde;o compreendidas como verdades definitivas."
6;2;"le";1;"Para responder &agrave; <a href='#' width='300' trans='1. No 1o Par&aacute;grafo s&atilde;o apresentados dois benef&iacute;cios do alho. Indique: a)Quais s&atilde;o esses benef&iacute;cios? b)Qual deles &eacute; apresentado como possibilidade?'>quest&atilde;o 1</a>, voc&ecirc; precisou recuperar de seu conhecimento pr&eacute;vio o fato de que lendas reproduzem crendices populares que n&atilde;o s&atilde;o baseadas em evid&ecirc;ncias cient&iacute;ficas. Lendas n&atilde;o t&ecirc;m compromisso com a verdade. Por isso, foi poss&iacute;vel o autor usar o modal &ldquo;will&rdquo;, que expressa um alto grau de certeza, para referir-se a <a href='#'  width='300' trans='<i>Legend has it that garlic <u>will</u> repel bloodthirsty vampires.</i>'>crendices</a>. Por outro lado, &eacute; interessante notar que os cientistas, que t&ecirc;m compromisso com a verdade, baseiam suas conclus&otilde;es em evid&ecirc;ncias cient&iacute;ficas, e, portanto, tendem a expor suas conclus&otilde;es de maneira cautelosa, usando, com freq&uuml;&ecirc;ncia, palavras que expressam tal cautela, como, por exemplo, os verbos modais. No primeiro par&aacute;grafo do texto, o uso de &ldquo;may&rdquo; &eacute; uma <a href='#' width='300' trans='<i>Now doctors in the US have found that it <u>may</u> fight off the more pressing menace of antibiotic-resistant bacteria.</i>'>evid&ecirc;ncia disso</a>."
6;2;"li";1;"Ao responder &agrave; <a href='#' width='300' trans='1. No 1o Par&aacute;grafo s&atilde;o apresentados dois benef&iacute;cios do alho. Indique: b)Qual deles &eacute; apresentado como possibilidade?'>quest&atilde;o 1b</a>, voc&ecirc; teve que levar em conta os verbos modais &ldquo;will&rdquo; e &ldquo;may&rdquo; para determinar o que &eacute; fato e o que &eacute; possibilidade. Tais verbos modais expressam, respectivamente, certeza e possibilidade: &ldquo;<em>Garlic will repel bloodthirst vampires</em> - Alho repelir&aacute; vampiros sedentos de sangue&rdquo;. &ldquo;<em>Doctors in the US have found that it may fight off antibiotic resistant bact&eacute;ria</em> - M&eacute;dicos americanos descobriram que o alho pode combater bact&eacute;rias resistentes a antibi&oacute;ticos.&rdquo;<br /><br />Para responder a <a href='#' width='300' trans='5. Em que a posi&ccedil&atilde;o de Klein difere daquela adotada pelos laborat&uacute;rios?'>quest&atilde;o 5</a>, voc&ecirc; precisou prestar aten&ccedil;&atilde;o no fato de que o autor utilizou o verbo &ldquo;cautions&rdquo; e &ldquo;predicts&rdquo; que marcam cautela em rela&ccedil;&atilde;o &agrave; informa&ccedil;&atilde;o dada e que a mesma &eacute; apenas uma previs&atilde;o feita para o futuro. Ao comentar a posi&ccedil;&atilde;o dos laborat&oacute;rios em rela&ccedil;&atilde;o ao assunto, Klein n&atilde;o faz uso de qualquer express&atilde;o modalizadora - <em>the laboratory trials give reason for optimism</ em>. "
6;3;"le";1;"O texto que voc&ecirc; acabou de ler &eacute; o relato de um estudo baseado em dados resultantes de um levantamento (survey). Tais levantamentos implicam, freq&uuml;entemente, em m&eacute;todos quantitativos de pesquisa e envolvem a aplica&ccedil;&atilde;o de question&aacute;rios para um grande n&uacute;mero de pessoas. Mesmo assim, como em qualquer outro tipo de texto acad&ecirc;mico, h&aacute; um cuidado especial em apresentar as considera&ccedil;&otilde;es finais como dedu&ccedil;&otilde;es, possibilidades e tend&ecirc;ncias atrav&eacute;s de express&otilde;es modalizadoras do tipo: <em>...are <strong>significantly more likely</strong>..., This <strong>suggests</strong>..., it <strong>seems</strong>...</em> ."
6;3;"li";1;"Para responder &agrave; <a href='#' width='300' trans='6. O texto apresenta as considera&ccedil&otilde;es finais como conclusivas? Justifique sua resposta.'>quest&atilde;o 6</a>, voc&ecirc; teve que considerar que as conclus&otilde;es do cientista s&atilde;o apresentadas neste texto atrav&eacute;s de um conjunto de escolhas lexicais que marcam modaliza&ccedil;&atilde;o, tais como:<br /><br /><ul>    <li>Verbos modais: <em>it <strong>would</strong> appear to be...</em></li>    <li>Outros verbos modalizadores: <em>Krishnan <strong>believes</strong>...</em></li>    <li>Combina&ccedil;&atilde;o de verbos e adv&eacute;rbios: <em><strong>could eventually</strong> lead to... , <strong>would almost certainly</strong> have...</em></li></ul><br /><br />Prestar aten&ccedil;&atilde;o a tais escolhas lexicais resulta em uma leitura mais precisa e eficiente em rela&ccedil;&atilde;o ao grau de comprometimento do autor do texto e &agrave; informa&ccedil;&atilde;o veiculada. Tal percep&ccedil;&atilde;o por parte do leitor &eacute; extremamente relevante, especialmente na leitura de textos acad&ecirc;micos."